[
  {
    "id": "c9c9c784-7c6f-40b1-9a24-26b33a07c8ca",
    "data": [
      {
        "text": "What does a healthy diet look like?",
        "userDefined": false
      }
    ],
    "isTemplate": false,
    "count": 0,
    "lang": "en",
    "updated": 0
  },
  {
    "id": "07d9ae58-7ec7-4ebe-a42a-8357acd0f679",
    "data": [
      {
        "text": "What\u0027s the Eatwell Guide?",
        "userDefined": false
      }
    ],
    "isTemplate": false,
    "count": 0,
    "lang": "en",
    "updated": 0
  },
  {
    "id": "9e15194a-7c17-4a1b-9a07-29def8e446e6",
    "data": [
      {
        "text": "What foods should I eat daily?",
        "userDefined": false
      }
    ],
    "isTemplate": false,
    "count": 0,
    "lang": "en",
    "updated": 0
  },
  {
    "id": "f298677e-330d-4392-afaa-8e81ab4654b2",
    "data": [
      {
        "text": "How do I eat a balanced diet?",
        "userDefined": false
      }
    ],
    "isTemplate": false,
    "count": 0,
    "lang": "en",
    "updated": 0
  },
  {
    "id": "edbb6739-4f4d-4e48-9bd8-1cf0b3f0de59",
    "data": [
      {
        "text": "What is a balanced diet?",
        "userDefined": false
      }
    ],
    "isTemplate": false,
    "count": 0,
    "lang": "en",
    "updated": 0
  }
]