[
  {
    "id": "69e8d087-32a6-4b6c-8067-d8ee6df63b0e",
    "data": [
      {
        "text": "im ",
        "userDefined": false
      },
      {
        "text": "45 years old",
        "meta": "@sys.age",
        "alias": "age",
        "userDefined": true
      }
    ],
    "isTemplate": false,
    "count": 0,
    "lang": "en",
    "updated": 0
  },
  {
    "id": "82f790a1-fe75-45e5-8490-de4de0753ed6",
    "data": [
      {
        "text": "im ",
        "userDefined": false
      },
      {
        "text": "33",
        "meta": "@sys.age",
        "alias": "age",
        "userDefined": true
      }
    ],
    "isTemplate": false,
    "count": 0,
    "lang": "en",
    "updated": 0
  },
  {
    "id": "cf99558d-bee9-4b5b-b473-58322cae331a",
    "data": [
      {
        "text": "176cm",
        "meta": "@sys.number",
        "alias": "height",
        "userDefined": true
      }
    ],
    "isTemplate": false,
    "count": 0,
    "lang": "en",
    "updated": 0
  },
  {
    "id": "2b80a2aa-b769-49ac-be47-1c80428450e7",
    "data": [
      {
        "text": "55 kg",
        "meta": "@sys.number",
        "alias": "weight",
        "userDefined": true
      }
    ],
    "isTemplate": false,
    "count": 0,
    "lang": "en",
    "updated": 0
  },
  {
    "id": "8fcf6fdd-f5a2-4172-9942-a61c1b843b20",
    "data": [
      {
        "text": "male",
        "meta": "@gender",
        "alias": "gender",
        "userDefined": true
      }
    ],
    "isTemplate": false,
    "count": 0,
    "lang": "en",
    "updated": 0
  },
  {
    "id": "6a3be2d9-7e62-48be-837c-ca26649e4b52",
    "data": [
      {
        "text": "23",
        "meta": "@sys.age",
        "alias": "age",
        "userDefined": false
      }
    ],
    "isTemplate": false,
    "count": 0,
    "lang": "en",
    "updated": 0
  },
  {
    "id": "2827ffbb-d04d-4c9b-989f-f95e34838e5b",
    "data": [
      {
        "text": "I\u0027m ",
        "userDefined": false
      },
      {
        "text": "female",
        "meta": "@gender",
        "alias": "gender",
        "userDefined": true
      },
      {
        "text": ", ",
        "userDefined": false
      },
      {
        "text": "21 years old",
        "meta": "@sys.age",
        "alias": "age",
        "userDefined": true
      },
      {
        "text": ", ",
        "userDefined": false
      },
      {
        "text": "60kg",
        "meta": "@sys.number",
        "alias": "weight",
        "userDefined": true
      }
    ],
    "isTemplate": false,
    "count": 0,
    "lang": "en",
    "updated": 0
  },
  {
    "id": "a2443c2e-981d-441f-879d-7ee3da91fc6c",
    "data": [
      {
        "text": "23-year-old",
        "meta": "@sys.age",
        "alias": "age",
        "userDefined": true
      },
      {
        "text": " ",
        "userDefined": false
      },
      {
        "text": "male",
        "meta": "@gender",
        "alias": "gender",
        "userDefined": true
      }
    ],
    "isTemplate": false,
    "count": 0,
    "lang": "en",
    "updated": 0
  },
  {
    "id": "85b8a02d-245e-4dc9-962a-fbc472c15ee0",
    "data": [
      {
        "text": "I\u0027m ",
        "userDefined": false
      },
      {
        "text": "23",
        "meta": "@sys.age",
        "alias": "age",
        "userDefined": true
      },
      {
        "text": " and weigh ",
        "userDefined": false
      },
      {
        "text": "95kg",
        "meta": "@sys.number",
        "alias": "weight",
        "userDefined": true
      }
    ],
    "isTemplate": false,
    "count": 0,
    "lang": "en",
    "updated": 0
  }
]