[
  {
    "id": "a37a70af-4e5e-4a33-8118-a506b5be4860",
    "data": [
      {
        "text": "my lips are always ",
        "userDefined": false
      },
      {
        "text": "cracked",
        "meta": "@symptom",
        "alias": "symptom",
        "userDefined": false
      }
    ],
    "isTemplate": false,
    "count": 0,
    "lang": "en",
    "updated": 0
  },
  {
    "id": "eca35f85-d1c2-4dc7-ab7d-f06a7f57763f",
    "data": [
      {
        "text": "I have constant ",
        "userDefined": false
      },
      {
        "text": "confusion",
        "meta": "@symptom",
        "alias": "symptom",
        "userDefined": false
      }
    ],
    "isTemplate": false,
    "count": 0,
    "lang": "en",
    "updated": 0
  },
  {
    "id": "12de5b1e-57fd-4ca7-ad15-e63641b3ef56",
    "data": [
      {
        "text": "I have a ",
        "userDefined": false
      },
      {
        "text": "headache",
        "meta": "@symptom",
        "alias": "symptom",
        "userDefined": false
      }
    ],
    "isTemplate": false,
    "count": 0,
    "lang": "en",
    "updated": 0
  },
  {
    "id": "133ade9e-6177-4967-bde9-fe68dc4f8ee2",
    "data": [
      {
        "text": "I have ",
        "userDefined": false
      },
      {
        "text": "bone ache",
        "meta": "@symptom",
        "alias": "symptom",
        "userDefined": true
      }
    ],
    "isTemplate": false,
    "count": 0,
    "lang": "en",
    "updated": 0
  },
  {
    "id": "be0df2da-3a7c-46f1-b052-0adffea3087a",
    "data": [
      {
        "text": "I suffer from ",
        "userDefined": false
      },
      {
        "text": "scurvy",
        "meta": "@symptom",
        "alias": "symptom",
        "userDefined": false
      }
    ],
    "isTemplate": false,
    "count": 0,
    "lang": "en",
    "updated": 0
  },
  {
    "id": "ced9df83-4827-4fcb-aa94-5ee0f8f0bd70",
    "data": [
      {
        "text": "I have ",
        "userDefined": false
      },
      {
        "text": "anemia",
        "meta": "@symptom",
        "alias": "symptom",
        "userDefined": false
      }
    ],
    "isTemplate": false,
    "count": 0,
    "lang": "en",
    "updated": 0
  },
  {
    "id": "3499d605-4dac-405a-840e-ef6b975086cf",
    "data": [
      {
        "text": "You: I have ",
        "userDefined": false
      },
      {
        "text": "night blindness",
        "meta": "@symptom",
        "alias": "symptom",
        "userDefined": true
      }
    ],
    "isTemplate": false,
    "count": 0,
    "lang": "en",
    "updated": 0
  },
  {
    "id": "21557ba9-257c-4c6a-bfb1-8c713ac4c64c",
    "data": [
      {
        "text": "I\u0027m tired and ",
        "userDefined": false
      },
      {
        "text": "hungry",
        "meta": "@symptom",
        "alias": "symptom",
        "userDefined": true
      }
    ],
    "isTemplate": false,
    "count": 0,
    "lang": "en",
    "updated": 0
  },
  {
    "id": "446b47eb-8adf-42ad-9414-dbaee5f9edac",
    "data": [
      {
        "text": "I\u0027m feeling super ",
        "userDefined": false
      },
      {
        "text": "low lately",
        "meta": "@symptom",
        "alias": "symptom",
        "userDefined": true
      }
    ],
    "isTemplate": false,
    "count": 0,
    "lang": "en",
    "updated": 0
  },
  {
    "id": "837834b2-94c9-4934-8afd-daac930d041b",
    "data": [
      {
        "text": "My ",
        "userDefined": false
      },
      {
        "text": "brain",
        "meta": "@symptom",
        "alias": "symptom",
        "userDefined": false
      },
      {
        "text": " feels cloudy",
        "userDefined": false
      }
    ],
    "isTemplate": false,
    "count": 0,
    "lang": "en",
    "updated": 0
  },
  {
    "id": "74dca339-fe53-4318-8af8-13253c604aa4",
    "data": [
      {
        "text": "I ",
        "userDefined": false
      },
      {
        "text": "can\u0027t concentrate",
        "meta": "@symptom",
        "alias": "symptom",
        "userDefined": true
      }
    ],
    "isTemplate": false,
    "count": 0,
    "lang": "en",
    "updated": 0
  },
  {
    "id": "e1d3c18d-85c8-455c-a4ca-d26bb01e4a9f",
    "data": [
      {
        "text": "I feel foggy and ",
        "userDefined": false
      },
      {
        "text": "unfocused",
        "meta": "@symptom",
        "alias": "symptom",
        "userDefined": true
      }
    ],
    "isTemplate": false,
    "count": 0,
    "lang": "en",
    "updated": 0
  },
  {
    "id": "cc9bca91-ad54-481d-9a9b-8620b4387e3b",
    "data": [
      {
        "text": "I\u0027m ",
        "userDefined": false
      },
      {
        "text": "weak",
        "meta": "@symptom",
        "alias": "symptom",
        "userDefined": false
      },
      {
        "text": " most of the time",
        "userDefined": false
      }
    ],
    "isTemplate": false,
    "count": 0,
    "lang": "en",
    "updated": 0
  },
  {
    "id": "2d0ac3ce-8c45-4e98-b659-17d74967621c",
    "data": [
      {
        "text": "I don\u0027t have any ",
        "userDefined": false
      },
      {
        "text": "energy",
        "meta": "@symptom",
        "alias": "symptom",
        "userDefined": true
      }
    ],
    "isTemplate": false,
    "count": 0,
    "lang": "en",
    "updated": 0
  },
  {
    "id": "742b147e-c16a-4ed9-b336-2f80dd44ad4e",
    "data": [
      {
        "text": "I\u0027m constantly ",
        "userDefined": false
      },
      {
        "text": "exhausted",
        "meta": "@symptom",
        "alias": "symptom",
        "userDefined": true
      }
    ],
    "isTemplate": false,
    "count": 0,
    "lang": "en",
    "updated": 0
  },
  {
    "id": "dc8310c5-4119-40c2-9300-1f9b423fd5a4",
    "data": [
      {
        "text": "I feel ",
        "userDefined": false
      },
      {
        "text": "drained",
        "meta": "@symptom",
        "alias": "symptom",
        "userDefined": false
      },
      {
        "text": " every day",
        "userDefined": false
      }
    ],
    "isTemplate": false,
    "count": 0,
    "lang": "en",
    "updated": 0
  },
  {
    "id": "a633ca52-17ea-4ab5-b838-f26b8855c951",
    "data": [
      {
        "text": "I get ",
        "userDefined": false
      },
      {
        "text": "headaches",
        "meta": "@symptom",
        "alias": "symptom",
        "userDefined": true
      },
      {
        "text": " often",
        "userDefined": false
      }
    ],
    "isTemplate": false,
    "count": 0,
    "lang": "en",
    "updated": 0
  },
  {
    "id": "05b79c68-853c-4333-86d7-87fef02a450d",
    "data": [
      {
        "text": "I\u0027ve been ",
        "userDefined": false
      },
      {
        "text": "lightheaded",
        "meta": "@symptom",
        "alias": "symptom",
        "userDefined": true
      },
      {
        "text": " lately",
        "userDefined": false
      }
    ],
    "isTemplate": false,
    "count": 0,
    "lang": "en",
    "updated": 0
  },
  {
    "id": "dfd337e6-3ca4-4f09-a78a-0f878b440639",
    "data": [
      {
        "text": "I\u0027m ",
        "userDefined": false
      },
      {
        "text": "dizzy",
        "meta": "@symptom",
        "alias": "symptom",
        "userDefined": false
      },
      {
        "text": " a lot",
        "userDefined": false
      }
    ],
    "isTemplate": false,
    "count": 0,
    "lang": "en",
    "updated": 0
  },
  {
    "id": "388bd4a9-3bf8-446d-860b-ab76974a8448",
    "data": [
      {
        "text": "I\u0027m ",
        "userDefined": false
      },
      {
        "text": "pale",
        "meta": "@symptom",
        "alias": "symptom",
        "userDefined": false
      },
      {
        "text": " and ",
        "userDefined": false
      },
      {
        "text": "weak",
        "meta": "@symptom",
        "alias": "symptom",
        "userDefined": false
      }
    ],
    "isTemplate": false,
    "count": 0,
    "lang": "en",
    "updated": 0
  },
  {
    "id": "c883fc84-ce13-46a5-b2bf-26f662a41193",
    "data": [
      {
        "text": "I feel ",
        "userDefined": false
      },
      {
        "text": "drained",
        "meta": "@symptom",
        "alias": "symptom",
        "userDefined": true
      },
      {
        "text": " all the time",
        "userDefined": false
      }
    ],
    "isTemplate": false,
    "count": 0,
    "lang": "en",
    "updated": 0
  },
  {
    "id": "270d9802-9a20-49dc-99b2-2b7eb55d88a3",
    "data": [
      {
        "text": "i\u0027m always ",
        "userDefined": false
      },
      {
        "text": "tired",
        "meta": "@symptom",
        "alias": "symptom",
        "userDefined": false
      }
    ],
    "isTemplate": false,
    "count": 0,
    "lang": "en",
    "updated": 0
  },
  {
    "id": "8f9879ee-4689-483f-be5f-17a92ae753cc",
    "data": [
      {
        "text": "I\u0027ve been really ",
        "userDefined": false
      },
      {
        "text": "tired",
        "meta": "@symptom",
        "alias": "symptom",
        "userDefined": true
      },
      {
        "text": " lately",
        "userDefined": false
      }
    ],
    "isTemplate": false,
    "count": 0,
    "lang": "en",
    "updated": 0
  },
  {
    "id": "36ea27bb-3855-4d17-ac46-4f9e80a829b8",
    "data": [
      {
        "text": "I feel ",
        "userDefined": false
      },
      {
        "text": "fatigue",
        "meta": "@symptom",
        "alias": "symptom",
        "userDefined": true
      }
    ],
    "isTemplate": false,
    "count": 0,
    "lang": "en",
    "updated": 0
  },
  {
    "id": "e63a7b70-b3f4-4555-b54a-93e1d6d611fe",
    "data": [
      {
        "text": "I\u0027ve been ",
        "userDefined": false
      },
      {
        "text": "dizzy",
        "meta": "@symptom",
        "alias": "symptom",
        "userDefined": true
      },
      {
        "text": " lately",
        "userDefined": false
      }
    ],
    "isTemplate": false,
    "count": 0,
    "lang": "en",
    "updated": 0
  },
  {
    "id": "1aef8b5a-b223-45ed-94f1-103d240c987c",
    "data": [
      {
        "text": "I feel ",
        "userDefined": false
      },
      {
        "text": "weak",
        "meta": "@symptom",
        "alias": "symptom",
        "userDefined": true
      }
    ],
    "isTemplate": false,
    "count": 0,
    "lang": "en",
    "updated": 0
  },
  {
    "id": "4457e8ab-03ed-4f1f-adca-63885e5d142b",
    "data": [
      {
        "text": "I\u0027ve been ",
        "userDefined": false
      },
      {
        "text": "feeling really tired",
        "meta": "@symptom",
        "alias": "symptom",
        "userDefined": true
      }
    ],
    "isTemplate": false,
    "count": 0,
    "lang": "en",
    "updated": 0
  }
]