[
  {
    "id": "7df78dc3-c1ae-48d7-92ff-f26ea1507714",
    "data": [
      {
        "text": "how many nutrients in ",
        "userDefined": false
      },
      {
        "text": "eggs",
        "meta": "@food",
        "alias": "food",
        "userDefined": false
      }
    ],
    "isTemplate": false,
    "count": 0,
    "lang": "en",
    "updated": 0
  },
  {
    "id": "d6efe8d5-e5df-4e36-acd7-c7a435d59551",
    "data": [
      {
        "text": "what the vitamins in a ",
        "userDefined": false
      },
      {
        "text": "apple",
        "meta": "@food",
        "alias": "food",
        "userDefined": false
      }
    ],
    "isTemplate": false,
    "count": 0,
    "lang": "en",
    "updated": 0
  },
  {
    "id": "4f10d916-66a4-4d07-87bb-235b36f30d25",
    "data": [
      {
        "text": "whats the nutrients in ",
        "userDefined": false
      },
      {
        "text": "apples",
        "meta": "@food",
        "alias": "food",
        "userDefined": false
      }
    ],
    "isTemplate": false,
    "count": 0,
    "lang": "en",
    "updated": 0
  },
  {
    "id": "5fad7805-ae57-40c5-aa42-2f2a93044f0d",
    "data": [
      {
        "text": "whats the nutrients in ",
        "userDefined": false
      },
      {
        "text": "milk",
        "meta": "@food",
        "alias": "food",
        "userDefined": false
      }
    ],
    "isTemplate": false,
    "count": 0,
    "lang": "en",
    "updated": 0
  },
  {
    "id": "eabdf7a2-cbaa-4b07-8c76-f158c46d7d30",
    "data": [
      {
        "text": "whats the amount of vitamins in a ",
        "userDefined": false
      },
      {
        "text": "kiwi",
        "meta": "@food",
        "alias": "food",
        "userDefined": true
      }
    ],
    "isTemplate": false,
    "count": 0,
    "lang": "en",
    "updated": 0
  },
  {
    "id": "caf697da-d1c5-4b8f-b286-5612c8f7e5ad",
    "data": [
      {
        "text": "Tell me all the nutrients in ",
        "userDefined": false
      },
      {
        "text": "carrots",
        "meta": "@food",
        "alias": "food",
        "userDefined": false
      }
    ],
    "isTemplate": false,
    "count": 0,
    "lang": "en",
    "updated": 0
  },
  {
    "id": "d22e9ead-bb42-4d73-8c7f-645f15f2064f",
    "data": [
      {
        "text": "All nutrients in ",
        "userDefined": false
      },
      {
        "text": "chicken",
        "meta": "@food",
        "alias": "food",
        "userDefined": true
      }
    ],
    "isTemplate": false,
    "count": 0,
    "lang": "en",
    "updated": 0
  },
  {
    "id": "2f745d3d-2739-41a3-bb08-fd776f05b6a3",
    "data": [
      {
        "text": "All nutrients in an ",
        "userDefined": false
      },
      {
        "text": "egg",
        "meta": "@food",
        "alias": "food",
        "userDefined": false
      }
    ],
    "isTemplate": false,
    "count": 0,
    "lang": "en",
    "updated": 0
  },
  {
    "id": "2cc43bc2-1a43-4557-9e20-bb5b023a7998",
    "data": [
      {
        "text": "Nutritional breakdown of ",
        "userDefined": false
      },
      {
        "text": "oats",
        "meta": "@food",
        "alias": "food",
        "userDefined": true
      }
    ],
    "isTemplate": false,
    "count": 0,
    "lang": "en",
    "updated": 0
  },
  {
    "id": "28fc21f6-2da4-4718-bb0d-869ae25c7b06",
    "data": [
      {
        "text": "Tell me the full nutrient profile of ",
        "userDefined": false
      },
      {
        "text": "spinach",
        "meta": "@food",
        "alias": "food",
        "userDefined": false
      }
    ],
    "isTemplate": false,
    "count": 0,
    "lang": "en",
    "updated": 0
  },
  {
    "id": "c8178496-a58d-4b14-90a9-75b659e25b39",
    "data": [
      {
        "text": "Show full nutrition for ",
        "userDefined": false
      },
      {
        "text": "milk",
        "meta": "@food",
        "alias": "food",
        "userDefined": false
      }
    ],
    "isTemplate": false,
    "count": 0,
    "lang": "en",
    "updated": 0
  },
  {
    "id": "b58f07f9-27a8-439b-86f6-ff7e0664f558",
    "data": [
      {
        "text": "What nutrients are in a ",
        "userDefined": false
      },
      {
        "text": "banana",
        "meta": "@food",
        "alias": "food",
        "userDefined": false
      }
    ],
    "isTemplate": false,
    "count": 0,
    "lang": "en",
    "updated": 0
  }
]