[
  {
    "id": "15b9b11d-aac1-4a17-a996-94150e7c64c2",
    "data": [
      {
        "text": "how much ",
        "userDefined": false
      },
      {
        "text": "iron",
        "meta": "@nutrient",
        "alias": "nutrient",
        "userDefined": false
      },
      {
        "text": " is enough for ",
        "userDefined": false
      },
      {
        "text": "a day",
        "meta": "@sys.duration",
        "alias": "duration",
        "userDefined": false
      }
    ],
    "isTemplate": false,
    "count": 0,
    "lang": "en",
    "updated": 0
  },
  {
    "id": "c40cd1e7-f009-437d-b01b-1004db5cca04",
    "data": [
      {
        "text": "how much ",
        "userDefined": false
      },
      {
        "text": "iron",
        "meta": "@nutrient",
        "alias": "nutrient",
        "userDefined": false
      },
      {
        "text": " do I need to get",
        "userDefined": false
      }
    ],
    "isTemplate": false,
    "count": 0,
    "lang": "en",
    "updated": 0
  },
  {
    "id": "d1642c2e-1d38-4771-b906-d06289c5536f",
    "data": [
      {
        "text": "whats the recommended daily allowance for ",
        "userDefined": false
      },
      {
        "text": "calcium",
        "meta": "@nutrient",
        "alias": "nutrient",
        "userDefined": false
      }
    ],
    "isTemplate": false,
    "count": 0,
    "lang": "en",
    "updated": 0
  },
  {
    "id": "4a9c0dc1-0e0a-46c0-b64b-6d640e9fcf49",
    "data": [
      {
        "text": "whats the RDI for ",
        "userDefined": false
      },
      {
        "text": "calcium",
        "meta": "@nutrient",
        "alias": "nutrient",
        "userDefined": false
      }
    ],
    "isTemplate": false,
    "count": 0,
    "lang": "en",
    "updated": 0
  },
  {
    "id": "deda3711-8c6d-4351-9824-0196d35d792a",
    "data": [
      {
        "text": "How much ",
        "userDefined": false
      },
      {
        "text": "vitamin D",
        "meta": "@nutrient",
        "alias": "nutrient",
        "userDefined": true
      },
      {
        "text": " do I need?",
        "userDefined": false
      }
    ],
    "isTemplate": false,
    "count": 0,
    "lang": "en",
    "updated": 0
  }
]