[
  {
    "id": "bc5f455b-efe2-4f23-b1ff-e27da31c70ed",
    "data": [
      {
        "text": "no thank you",
        "userDefined": false
      }
    ],
    "isTemplate": false,
    "count": 0,
    "lang": "en",
    "updated": 0
  },
  {
    "id": "9380e972-0edb-46ee-b908-4c62fb9dfa8b",
    "data": [
      {
        "text": "dont need that",
        "userDefined": false
      }
    ],
    "isTemplate": false,
    "count": 0,
    "lang": "en",
    "updated": 0
  },
  {
    "id": "155c92c0-71e4-472a-84c2-ba966eb1ba50",
    "data": [
      {
        "text": "I do not want to",
        "userDefined": false
      }
    ],
    "isTemplate": false,
    "count": 0,
    "lang": "en",
    "updated": 0
  },
  {
    "id": "0614a985-fb70-46a1-86ba-1444226ae9d7",
    "data": [
      {
        "text": "I dont want to",
        "userDefined": false
      }
    ],
    "isTemplate": false,
    "count": 0,
    "lang": "en",
    "updated": 0
  },
  {
    "id": "e744e52c-10f3-4c45-9899-46bf8d345683",
    "data": [
      {
        "text": "no way",
        "userDefined": false
      }
    ],
    "isTemplate": false,
    "count": 0,
    "lang": "en",
    "updated": 0
  },
  {
    "id": "644a804a-4526-4600-b460-ccaba64f0bbf",
    "data": [
      {
        "text": "no thanks",
        "userDefined": false
      }
    ],
    "isTemplate": false,
    "count": 0,
    "lang": "en",
    "updated": 0
  },
  {
    "id": "b1fc75cc-3b34-4bc7-82d4-a0eccdc13003",
    "data": [
      {
        "text": "nah",
        "userDefined": false
      }
    ],
    "isTemplate": false,
    "count": 0,
    "lang": "en",
    "updated": 0
  },
  {
    "id": "6fb06307-f01f-44a6-8ad5-d54d3b4f1b2f",
    "data": [
      {
        "text": "no",
        "userDefined": false
      }
    ],
    "isTemplate": false,
    "count": 0,
    "lang": "en",
    "updated": 0
  }
]