[
  {
    "id": "fcfec324-10cb-4ad2-b66d-15cfd3baca70",
    "data": [
      {
        "text": "What happens if you don\u0027t get enough ",
        "userDefined": false
      },
      {
        "text": "iron",
        "meta": "@nutrient",
        "alias": "nutrient",
        "userDefined": false
      }
    ],
    "isTemplate": false,
    "count": 0,
    "lang": "en",
    "updated": 0
  },
  {
    "id": "bdf800c7-5b65-47c1-a2bc-9bccae7236f9",
    "data": [
      {
        "text": "how happens if you have low ",
        "userDefined": false
      },
      {
        "text": "vitamin c",
        "meta": "@nutrient",
        "alias": "nutrient",
        "userDefined": false
      }
    ],
    "isTemplate": false,
    "count": 0,
    "lang": "en",
    "updated": 0
  },
  {
    "id": "09eefad4-321f-47dd-b965-c3ced8389130",
    "data": [
      {
        "text": "what does low ",
        "userDefined": false
      },
      {
        "text": "iron",
        "meta": "@nutrient",
        "alias": "nutrient",
        "userDefined": false
      },
      {
        "text": " cause",
        "userDefined": false
      }
    ],
    "isTemplate": false,
    "count": 0,
    "lang": "en",
    "updated": 0
  },
  {
    "id": "5dc79435-3845-4853-a7de-ddcb8e132eb3",
    "data": [
      {
        "text": "what is a sign of low ",
        "userDefined": false
      },
      {
        "text": "vitamin b12",
        "meta": "@nutrient",
        "alias": "nutrient",
        "userDefined": false
      }
    ],
    "isTemplate": false,
    "count": 0,
    "lang": "en",
    "updated": 0
  },
  {
    "id": "e4e42ccb-f336-46a2-912d-3fa407040948",
    "data": [
      {
        "text": "What if I don\u0027t consume enough ",
        "userDefined": false
      },
      {
        "text": "vitamin a",
        "meta": "@nutrient",
        "alias": "nutrient",
        "userDefined": false
      }
    ],
    "isTemplate": false,
    "count": 0,
    "lang": "en",
    "updated": 0
  },
  {
    "id": "adec9b04-0939-4eba-b79a-032e71d18483",
    "data": [
      {
        "text": "What are the deficiency symptoms of ",
        "userDefined": false
      },
      {
        "text": "iron",
        "meta": "@nutrient",
        "alias": "nutrient",
        "userDefined": false
      },
      {
        "text": " ?",
        "userDefined": false
      }
    ],
    "isTemplate": false,
    "count": 0,
    "lang": "en",
    "updated": 0
  },
  {
    "id": "907cc320-b3c9-42c8-9bd3-8586b14cf591",
    "data": [
      {
        "text": "What happens if I don\u0027t get enough ",
        "userDefined": false
      },
      {
        "text": "vitamin d",
        "meta": "@nutrient",
        "alias": "nutrient",
        "userDefined": false
      }
    ],
    "isTemplate": false,
    "count": 0,
    "lang": "en",
    "updated": 0
  }
]