[
  {
    "id": "11139b57-b867-417d-8738-15fd19104ab3",
    "data": [
      {
        "text": "how much is safe to take of ",
        "userDefined": false
      },
      {
        "text": "vitamin b6",
        "meta": "@nutrient",
        "alias": "nutrient",
        "userDefined": true
      }
    ],
    "isTemplate": false,
    "count": 0,
    "lang": "en",
    "updated": 0
  },
  {
    "id": "c6468b8d-b6d6-4c13-aaab-ef058629c18c",
    "data": [
      {
        "text": "is it safe to take ",
        "userDefined": false
      },
      {
        "text": "1000",
        "meta": "@sys.number",
        "alias": "number",
        "userDefined": false
      },
      {
        "text": "mg of ",
        "userDefined": false
      },
      {
        "text": "vitamin c",
        "meta": "@nutrient",
        "alias": "nutrient",
        "userDefined": false
      }
    ],
    "isTemplate": false,
    "count": 0,
    "lang": "en",
    "updated": 0
  },
  {
    "id": "f7676bcf-94e6-4ef5-b119-689f005feb54",
    "data": [
      {
        "text": "overdose risk for ",
        "userDefined": false
      },
      {
        "text": "vitamin a",
        "meta": "@nutrient",
        "alias": "nutrient",
        "userDefined": false
      }
    ],
    "isTemplate": false,
    "count": 0,
    "lang": "en",
    "updated": 0
  },
  {
    "id": "e8d30fbe-b6bd-43f0-acd1-93ec0b19b205",
    "data": [
      {
        "text": "can I overdose on ",
        "userDefined": false
      },
      {
        "text": "vitamin d",
        "meta": "@nutrient",
        "alias": "nutrient",
        "userDefined": false
      }
    ],
    "isTemplate": false,
    "count": 0,
    "lang": "en",
    "updated": 0
  },
  {
    "id": "b47e7132-47ee-480a-9807-13715f33a721",
    "data": [
      {
        "text": "what happens if I have too much ",
        "userDefined": false
      },
      {
        "text": "vitamin b12",
        "meta": "@nutrient",
        "alias": "nutrient",
        "userDefined": false
      }
    ],
    "isTemplate": false,
    "count": 0,
    "lang": "en",
    "updated": 0
  },
  {
    "id": "e60a69da-50ea-4c27-9b0a-7292db9385dd",
    "data": [
      {
        "text": "is too much ",
        "userDefined": false
      },
      {
        "text": "vitamin c",
        "meta": "@nutrient",
        "alias": "nutrient",
        "userDefined": false
      },
      {
        "text": " bad",
        "userDefined": false
      }
    ],
    "isTemplate": false,
    "count": 0,
    "lang": "en",
    "updated": 0
  },
  {
    "id": "a6c5eee4-cf24-4606-8da5-7a826b334ca5",
    "data": [
      {
        "text": "is overdosing ",
        "userDefined": false
      },
      {
        "text": "vitamin c",
        "meta": "@nutrient",
        "alias": "nutrient",
        "userDefined": false
      },
      {
        "text": " bad",
        "userDefined": false
      }
    ],
    "isTemplate": false,
    "count": 0,
    "lang": "en",
    "updated": 0
  },
  {
    "id": "9339549a-a78e-4caf-aadb-df003878a257",
    "data": [
      {
        "text": "Is too much ",
        "userDefined": false
      },
      {
        "text": "vitamin E",
        "meta": "@nutrient",
        "alias": "nutrient",
        "userDefined": false
      },
      {
        "text": " dangerous?",
        "userDefined": false
      }
    ],
    "isTemplate": false,
    "count": 0,
    "lang": "en",
    "updated": 0
  },
  {
    "id": "4fef5bd0-c2bd-45ee-ae01-826a4b8d21eb",
    "data": [
      {
        "text": "What\u0027s the overdose risk of ",
        "userDefined": false
      },
      {
        "text": "vitamin D",
        "meta": "@nutrient",
        "alias": "nutrient",
        "userDefined": false
      },
      {
        "text": "?",
        "userDefined": false
      }
    ],
    "isTemplate": false,
    "count": 0,
    "lang": "en",
    "updated": 0
  },
  {
    "id": "81c7fef2-0d34-41f2-82f1-019ddee3f224",
    "data": [
      {
        "text": "Can I take too much ",
        "userDefined": false
      },
      {
        "text": "vitamin A",
        "meta": "@nutrient",
        "alias": "nutrient",
        "userDefined": false
      },
      {
        "text": "?",
        "userDefined": false
      }
    ],
    "isTemplate": false,
    "count": 0,
    "lang": "en",
    "updated": 0
  }
]