Meal_Name,Meal_Type,Diet_Type,Target_Nutrient,Instructions,Main_Ingredient_1,Main_Ingredient_1_Grams,Main_Ingredient_2,Main_Ingredient_2_Grams,Main_Ingredient_3,Main_Ingredient_3_Grams,Portion_grams,Contains_Allergens,Calories_kcal,Protein_g,Fat_g,Carbs_g,Fiber_g,Iron_mg,Calcium_mg,Vitamin_B12_mcg,Vitamin_C_mg,Vitamin_D_mcg,Vitamin_A_mcg,Vitamin_K_mcg,Magnesium_mg,Zinc_mg,Folate_mcg,Selenium_mcg,Iodine_mcg
Tofu and Broccoli Stir Fry,Main Meal,Vegan,Calcium,"Stir-fry tofu and broccoli, serve with rice.","tofu, raw",150,"broccoli, raw",100,"brown rice, cooked",150.0,400,No,631.0,32.57,30.34,66.27,11.4,6.69,354.0,2.0,121.3,8.0,608.0,252.0,111.0,3.42,215.0,31.6,120.0
Cheese and Spinach Omelette,Breakfast,Vegetarian,Calcium,"Whisk eggs with cheese and spinach, cook in pan.","egg, whole, cooked",100,cheddar cheese,40,"spinach, raw",100.0,240,Yes,1084.0,29.32,33.6,40.98,7.2,4.06,427.0,1.42,24.0,4.8,526.4,100.96,70.72,3.47,108.4,31.32,72.0
Salmon and Kale Bowl,Main Meal,Omnivore,Calcium,Grill salmon and serve with kale and quinoa.,"salmon, cooked",150,"kale, raw",100,"quinoa, cooked",150.0,400,No,635.0,32.92,31.49,64.42,13.1,7.6,243.0,2.0,123.4,8.0,841.0,540.0,122.7,3.39,212.0,40.0,120.0
Tofu Wrap with Leafy Greens,Main Meal,Vegan,Calcium,Wrap cooked tofu and kale in whole wheat tortilla.,"tofu, raw",150,"kale, raw",80,whole wheat wrap,80.0,310,No,488.0,25.34,24.19,49.54,10.18,5.88,368.0,1.55,97.72,6.2,652.8,427.0,95.16,2.61,164.6,31.0,93.0
Yoghurt with Chia and Kiwi,Snack,Vegetarian,Calcium,Mix yoghurt with chia seeds and sliced kiwi.,plain yoghurt,150,chia seeds,20,"kiwi, raw",80.0,250,Yes,500.0,25.0,25.0,50.0,7.5,5.0,280.0,1.25,25.0,5.0,500.0,125.0,75.0,2.5,125.0,25.0,75.0
Cheese Toast with Tomato,Breakfast,Vegetarian,Calcium,Melt cheese on toast and top with tomato slices.,cheddar cheese,40,whole wheat bread,70,"tomato, red, ripe, raw",80.0,190,Yes,1586.0,25.93,24.08,47.15,7.8,3.45,360.0,1.17,19.0,3.8,426.4,75.96,88.34,3.5,77.8,37.38,57.0
Almond Smoothie,Snack,Vegan,Calcium,Blend all ingredients into a smoothie.,"almond milk, fortified",200,"banana, raw",100,chia seeds,20.0,320,Yes,640.0,32.0,32.0,64.0,9.6,6.4,230.0,1.6,32.0,6.4,640.0,160.0,96.0,3.2,160.0,32.0,96.0
Sardines on Toast,Main Meal,Omnivore,Calcium,Place sardines and lettuce on toasted bread.,"sardines, canned in oil",100,whole wheat bread,60,"lettuce, raw",50.0,210,No,936.0,22.38,17.13,55.86,8.1,4.54,382.0,1.05,21.0,4.2,420.0,105.0,90.96,2.56,100.2,30.48,63.0
