Meal_Name,Meal_Type,Diet_Type,Target_Nutrient,Instructions,Main_Ingredient_1,Main_Ingredient_1_Grams,Main_Ingredient_2,Main_Ingredient_2_Grams,Main_Ingredient_3,Main_Ingredient_3_Grams,Portion_grams,Contains_Allergens,Calories_kcal,Protein_g,Fat_g,Carbs_g,Fiber_g,Iron_mg,Calcium_mg,Vitamin_B12_mcg,Vitamin_C_mg,Vitamin_D_mcg,Vitamin_A_mcg,Vitamin_K_mcg,Magnesium_mg,Zinc_mg,Folate_mcg,Selenium_mcg,Iodine_mcg
Lentil and Spinach Curry,Main Meal,Vegan,Folate,Simmer lentils with spinach and onions in curry spices.,"lentils, cooked",150,"spinach, raw",100,"onion, raw",50.0,300,No,600.0,30.0,30.0,60.0,9.0,6.0,300.0,1.5,30.0,6.0,600.0,150.0,90.0,3.0,150.0,30.0,90.0
Avocado and Chickpea Toast,Snack,Vegan,Folate,"Mash avocado and chickpeas, spread on toast.","avocado, raw",80,"chickpeas, cooked",100,whole wheat bread,70.0,250,No,1102.0,26.61,20.48,66.17,9.6,5.39,294.1,1.25,25.0,5.0,500.0,125.0,107.62,3.03,119.4,36.06,75.0
Scrambled Eggs with Spinach,Breakfast,Vegetarian,Folate,"Scramble eggs with spinach, serve with toast.","egg, whole, cooked",100,"spinach, raw",80,whole wheat bread,60.0,240,Yes,996.0,25.38,20.13,61.86,9.0,5.14,277.8,1.2,24.0,4.8,480.0,120.0,99.96,2.86,115.2,33.48,72.0
Fortified Cereal with Almond Milk,Breakfast,Vegan,Folate,Serve fortified cereal with almond milk.,"cereal, fortified",50,"almond milk, fortified",200,,,250,Yes,500.0,25.0,25.0,50.0,7.5,5.0,250.0,1.25,25.0,5.0,500.0,125.0,75.0,2.5,250.0,25.0,75.0
Asparagus and Quinoa Bowl,Main Meal,Vegan,Folate,"Steam asparagus and tofu, serve with quinoa.","asparagus, raw",100,"quinoa, cooked",150,"tofu, raw",100.0,350,No,700.0,35.0,35.0,70.0,10.5,7.0,350.0,1.75,35.0,7.0,700.0,175.0,105.0,3.5,175.0,35.0,227.0
Yoghurt with Berries and Chia,Snack,Vegetarian,Folate,Layer yoghurt with berries and chia seeds.,plain yoghurt,150,"strawberries, raw",100,chia seeds,20.0,270,Yes,540.0,27.0,27.0,54.0,8.1,5.4,270.0,1.35,27.0,5.4,540.0,135.0,81.0,2.7,135.0,27.0,85.0
Chickpea and Tomato Stew,Main Meal,Vegan,Folate,"Simmer chickpeas, tomato, and onion with herbs.","chickpeas, cooked",150,"tomato, red, ripe, raw",100,"onion, raw",50.0,300,No,600.0,30.0,30.0,60.0,9.0,6.0,300.0,1.5,30.0,6.0,600.0,150.0,90.0,3.0,150.0,30.0,90.0
Spinach and Mushroom Wrap,Main Meal,Vegetarian,Folate,"Sauté spinach and mushrooms, serve in a wrap.","spinach, raw",80,"mushroom, white, raw",100,whole wheat wrap,80.0,260,No,520.0,26.0,26.0,52.0,7.8,5.2,260.0,1.3,26.0,5.2,520.0,130.0,78.0,2.6,130.0,26.0,78.0
Tuna and Asparagus Salad,Main Meal,Omnivore,Folate,Toss tuna with asparagus and lettuce.,"tuna, canned in water",100,"asparagus, raw",80,"lettuce, raw",50.0,230,No,460.0,23.0,23.0,46.0,6.9,4.6,230.0,1.15,23.0,4.6,460.0,115.0,69.0,2.3,115.0,23.0,69.0
Lentil and Egg Bowl,Main Meal,Vegetarian,Folate,Serve lentils with boiled egg and fresh spinach.,"lentils, cooked",150,"egg, whole, cooked",100,"spinach, raw",80.0,330,Yes,660.0,33.0,33.0,66.0,9.9,6.6,330.0,1.65,33.0,6.6,660.0,165.0,99.0,3.3,165.0,33.0,99.0
