Meal_Name,Meal_Type,Diet_Type,Target_Nutrient,Instructions,Main_Ingredient_1,Main_Ingredient_1_Grams,Main_Ingredient_2,Main_Ingredient_2_Grams,Main_Ingredient_3,Main_Ingredient_3_Grams,Portion_grams,Contains_Allergens,Calories_kcal,Protein_g,Fat_g,Carbs_g,Fiber_g,Iron_mg,Calcium_mg,Vitamin_B12_mcg,Vitamin_C_mg,Vitamin_D_mcg,Vitamin_A_mcg,Vitamin_K_mcg,Magnesium_mg,Zinc_mg,Folate_mcg,Selenium_mcg,Iodine_mcg
Baked Cod with Potatoes,Main Meal,Omnivore,Iodine,"Bake cod and potatoes, serve with steamed broccoli.","cod, cooked",150,"potatoes, cooked",150,"broccoli, raw",80.0,380,No,624.8,32.06,30.27,65.02,10.92,6.55,336.8,1.9,103.04,7.6,606.4,231.6,106.8,3.34,202.0,31.28,114.0
Egg and Cheese Sandwich,Breakfast,Vegetarian,Iodine,Cook egg and melt cheese into a sandwich.,"egg, whole, cooked",100,cheddar cheese,40,whole wheat bread,70.0,210,Yes,1626.0,27.93,26.08,51.15,8.4,3.85,496.9,1.27,21.0,4.2,466.4,85.96,94.34,3.7,87.8,39.38,63.0
Tofu and Seaweed Rice Bowl,Main Meal,Vegan,Iodine,Top rice and tofu bowl with shredded seaweed.,"tofu, raw",150,"brown rice, cooked",150,"seaweed, dried",5.0,305,No,610.0,30.5,30.5,61.0,9.15,6.1,305.0,1.53,30.5,6.1,610.0,152.5,91.5,3.05,152.5,30.5,91.5
Salmon and Kale Stir Fry,Main Meal,Omnivore,Iodine,"Stir-fry salmon and kale, serve with quinoa.","salmon, cooked",150,"kale, raw",100,"quinoa, cooked",150.0,400,No,635.0,32.92,31.49,64.42,13.1,7.6,554.0,2.0,123.4,8.0,841.0,540.0,122.7,3.39,212.0,40.0,120.0
Yoghurt with Banana and Walnuts,Snack,Vegetarian,Iodine,Mix yoghurt with banana slices and chopped walnuts.,plain yoghurt,150,"banana, raw",100,walnuts,20.0,270,Yes,540.0,27.0,27.0,54.0,8.1,5.4,270.0,1.35,27.0,5.4,540.0,135.0,81.0,2.7,135.0,27.0,81.0
Tuna Wrap with Lettuce,Main Meal,Omnivore,Iodine,Wrap tuna and lettuce in tortilla.,"tuna, canned in water",100,"lettuce, raw",60,whole wheat wrap,80.0,240,No,480.0,24.0,24.0,48.0,7.2,4.8,240.0,1.2,24.0,4.8,480.0,120.0,72.0,2.4,120.0,24.0,72.0
Omelette with Iodised Salt,Breakfast,Vegetarian,Iodine,Cook eggs and spinach with iodised salt.,"egg, whole, cooked",100,"milk, whole",50,"spinach, raw",60.0,210,Yes,420.0,21.0,21.0,42.0,6.3,4.2,210.0,1.05,21.0,4.2,420.0,105.0,63.0,2.1,105.0,21.0,63.0
Miso Soup with Seaweed,Snack,Vegan,Iodine,"Simmer tofu and onion in broth, top with seaweed.","tofu, raw",80,"seaweed, dried",5,"onion, raw",50.0,135,No,270.0,13.5,13.5,27.0,4.05,2.7,135.0,0.68,13.5,2.7,270.0,67.5,40.5,1.35,67.5,13.5,40.5
Sardines on Toast,Snack,Omnivore,Iodine,Serve sardines on toasted bread.,"sardines, canned in oil",100,whole wheat bread,60,,,160,No,836.0,17.38,12.13,45.86,6.6,3.54,197.8,0.8,16.0,3.2,320.0,80.0,75.96,2.06,75.2,25.48,48.0
Fortified Cereal with Milk,Breakfast,Vegetarian,Iodine,Serve cereal with milk.,"cereal, fortified",50,"milk, whole",200,,,250,Yes,500.0,25.0,25.0,50.0,7.5,5.0,250.0,1.25,25.0,5.0,500.0,125.0,75.0,2.5,125.0,25.0,75.0
