Meal_Name,Meal_Type,Diet_Type,Target_Nutrient,Instructions,Main_Ingredient_1,Main_Ingredient_1_Grams,Main_Ingredient_2,Main_Ingredient_2_Grams,Main_Ingredient_3,Main_Ingredient_3_Grams,Portion_grams,Contains_Allergens,Calories_kcal,Protein_g,Fat_g,Carbs_g,Fiber_g,Iron_mg,Calcium_mg,Vitamin_B12_mcg,Vitamin_C_mg,Vitamin_D_mcg,Vitamin_A_mcg,Vitamin_K_mcg,Magnesium_mg,Zinc_mg,Folate_mcg,Selenium_mcg,Iodine_mcg
Beef and Broccoli with Rice,Main Meal,Omnivore,Iron,Stir-fry beef and broccoli. Serve with steamed white rice.,"beef, ground, cooked",150,"broccoli, raw",100,"white rice, cooked",150.0,400,No,631.0,32.57,30.34,66.27,11.4,5.0,346.0,2.0,121.3,8.0,608.0,252.0,111.0,3.42,215.0,31.6,120.0
Lentil and Kale Stew,Main Meal,Vegan,Iron,"Simmer lentils, kale, and onion in seasoned broth.","lentils, cooked",150,"kale, raw",100,"onion, raw",50.0,300,No,435.0,22.92,21.49,44.42,10.1,5.6,454.0,1.5,113.4,6.0,641.0,490.0,92.7,2.39,162.0,30.0,90.0
Tofu and Spinach Stir Fry,Main Meal,Vegan,Iron,Stir fry tofu and spinach. Serve with brown rice.,"tofu, raw",150,"spinach, raw",100,"brown rice, cooked",150.0,400,No,800.0,40.0,40.0,80.0,12.0,6.9,400.0,2.0,40.0,8.0,800.0,200.0,120.0,4.0,200.0,40.0,120.0
Scrambled Eggs with Mushrooms,Breakfast,Vegetarian,Iron,"Scramble eggs, sauté mushrooms, and serve with toasted bread.","egg, whole, cooked",100,"mushroom, white, raw",80,whole wheat bread,60.0,240,Yes,996.0,25.38,20.13,61.86,9.0,3.3,277.8,1.2,24.0,4.8,480.0,120.0,99.96,2.86,115.2,33.48,72.0
Chicken Liver with Sweet Potato,Main Meal,Omnivore,Iron,Pan-fry liver and serve with roasted sweet potato.,"chicken liver, cooked",120,"sweet potato, cooked",150,,,270,No,540.0,27.0,27.0,54.0,8.1,12.5,270.0,1.35,27.0,5.4,540.0,135.0,81.0,2.7,135.0,27.0,81.0
Chickpea Spinach Curry,Main Meal,Vegan,Iron,"Simmer chickpeas, spinach, and tomato in curry spices.","chickpeas, cooked",150,"spinach, raw",100,"tomato, red, ripe, raw",100.0,350,No,700.0,35.0,35.0,70.0,10.5,9.5,350.0,1.75,35.0,7.0,700.0,175.0,105.0,3.5,175.0,35.0,105.0
Egg and Cheese Sandwich,Breakfast,Vegetarian,Iron,"Cook egg, add cheese, and sandwich between toasted bread.","egg, whole, cooked",100,cheddar cheese,40,whole wheat bread,70.0,210,Yes,1626.0,27.93,26.08,51.15,8.4,3.85,496.9,1.27,21.0,4.2,466.4,85.96,94.34,3.7,87.8,39.38,63.0
Steak with Potatoes and Peas,Main Meal,Omnivore,Iron,Grill steak and serve with boiled potatoes and peas.,"beef steak, grilled",180,"potatoes, cooked",150,"green peas, boiled",80.0,410,No,820.0,41.0,41.0,82.0,12.3,6.8,410.0,2.05,41.0,8.2,820.0,205.0,123.0,4.1,205.0,41.0,123.0
Quinoa and Black Bean Bowl,Main Meal,Vegan,Iron,"Combine quinoa, beans, and pepper. Serve warm.","quinoa, cooked",150,"black beans, cooked",150,"red bell pepper, raw",80.0,380,No,760.0,38.0,38.0,76.0,11.4,7.6,380.0,1.9,38.0,7.6,760.0,190.0,114.0,3.8,190.0,38.0,114.0
Fried Tofu with Broccoli and Rice,Main Meal,Vegan,Iron,Fry tofu and broccoli. Serve over rice.,"tofu, raw",150,"broccoli, raw",100,"white rice, cooked",150.0,400,No,631.0,32.57,30.34,66.27,11.4,4.0,346.0,2.0,121.3,8.0,608.0,252.0,111.0,3.42,215.0,31.6,120.0
