Meal_Name,Meal_Type,Diet_Type,Target_Nutrient,Instructions,Main_Ingredient_1,Main_Ingredient_1_Grams,Main_Ingredient_2,Main_Ingredient_2_Grams,Main_Ingredient_3,Main_Ingredient_3_Grams,Portion_grams,Contains_Allergens,Calories_kcal,Protein_g,Fat_g,Carbs_g,Fiber_g,Iron_mg,Calcium_mg,Vitamin_B12_mcg,Vitamin_C_mg,Vitamin_D_mcg,Vitamin_A_mcg,Vitamin_K_mcg,Magnesium_mg,Zinc_mg,Folate_mcg,Selenium_mcg,Iodine_mcg
Spinach and Quinoa Salad,Main Meal,Vegan,Magnesium,"Toss quinoa with spinach and chickpeas, serve chilled.","spinach, raw",100,"quinoa, cooked",150,"chickpeas, cooked",100.0,350,No,700.0,35.0,35.0,70.0,10.5,7.0,350.0,1.75,35.0,7.0,700.0,175.0,186.0,3.5,175.0,35.0,105.0
Almond and Banana Oatmeal,Breakfast,Vegetarian,Magnesium,"Cook oats with banana, top with almonds.","oats, dry",50,almonds,30,"banana, raw",100.0,180,Yes,360.0,18.0,18.0,36.0,5.4,3.6,180.0,0.9,18.0,3.6,360.0,90.0,246.0,1.8,90.0,18.0,54.0
Black Bean and Brown Rice Bowl,Main Meal,Vegan,Magnesium,"Mix cooked black beans and rice, top with chopped red pepper.","black beans, cooked",150,"brown rice, cooked",150,"red bell pepper, raw",80.0,380,No,760.0,38.0,38.0,76.0,11.4,7.6,380.0,1.9,38.0,7.6,760.0,190.0,185.0,3.8,190.0,38.0,114.0
Tofu and Broccoli Stir Fry,Main Meal,Vegan,Magnesium,"Stir-fry tofu and broccoli, serve with rice.","tofu, raw",150,"broccoli, raw",100,"brown rice, cooked",150.0,400,No,631.0,32.57,30.34,66.27,11.4,6.69,346.0,2.0,121.3,8.0,608.0,252.0,159.0,3.42,215.0,31.6,120.0
Yoghurt with Chia Seeds and Berries,Snack,Vegetarian,Magnesium,Mix yoghurt with chia seeds and blueberries.,plain yoghurt,150,chia seeds,20,"blueberries, raw",80.0,250,Yes,500.0,25.0,25.0,50.0,7.5,5.0,250.0,1.25,25.0,5.0,500.0,125.0,125.0,2.5,125.0,25.0,75.0
Egg and Spinach Wrap,Main Meal,Vegetarian,Magnesium,Wrap cooked egg and spinach in whole wheat tortilla.,"egg, whole, cooked",100,"spinach, raw",80,whole wheat wrap,80.0,260,Yes,520.0,26.0,26.0,52.0,7.8,5.2,260.0,1.3,26.0,5.2,520.0,130.0,133.0,2.6,130.0,26.0,78.0
Trail Mix Snack,Snack,Vegetarian,Magnesium,"Mix almonds, seeds, and cranberries in a bowl.",almonds,30,pumpkin seeds,20,dried cranberries,30.0,80,Yes,160.0,8.0,8.0,16.0,2.4,1.6,80.0,0.4,8.0,1.6,160.0,40.0,234.0,0.8,40.0,8.0,24.0
Salmon with Sweet Potato,Main Meal,Omnivore,Magnesium,Bake salmon and serve with roasted sweet potato.,"salmon, cooked",150,"sweet potato, cooked",150,,,300,No,600.0,30.0,30.0,60.0,9.0,6.0,300.0,1.5,30.0,6.0,600.0,150.0,90.0,3.0,150.0,30.0,90.0
Tofu and Spinach Wrap,Main Meal,Vegan,Magnesium,Wrap cooked tofu and spinach in whole wheat tortilla.,"tofu, raw",120,"spinach, raw",80,whole wheat wrap,80.0,280,No,560.0,28.0,28.0,56.0,8.4,5.6,280.0,1.4,28.0,5.6,560.0,140.0,166.0,2.8,140.0,28.0,84.0
