Meal_Name,Meal_Type,Diet_Type,Target_Nutrient,Instructions,Main_Ingredient_1,Main_Ingredient_1_Grams,Main_Ingredient_2,Main_Ingredient_2_Grams,Main_Ingredient_3,Main_Ingredient_3_Grams,Portion_grams,Contains_Allergens,Calories_kcal,Protein_g,Fat_g,Carbs_g,Fiber_g,Iron_mg,Calcium_mg,Vitamin_B12_mcg,Vitamin_C_mg,Vitamin_D_mcg,Vitamin_A_mcg,Vitamin_K_mcg,Magnesium_mg,Zinc_mg,Folate_mcg,Selenium_mcg,Iodine_mcg
Tuna and Brown Rice Bowl,Main Meal,Omnivore,Selenium,"Mix tuna with rice and spinach, serve warm.","tuna, canned in water",120,"brown rice, cooked",150,"spinach, raw",80.0,350,No,700.0,35.0,35.0,70.0,10.5,7.0,350.0,1.75,35.0,7.0,700.0,175.0,105.0,3.5,175.0,111.0,105.0
Egg and Mushroom Omelette,Breakfast,Vegetarian,Selenium,"Cook egg and mushrooms, serve with toast.","egg, whole, cooked",100,"mushroom, white, raw",100,whole wheat bread,70.0,270,Yes,1142.0,28.61,22.48,70.17,10.2,5.79,314.1,1.35,27.0,5.4,540.0,135.0,113.62,3.23,129.4,76.0,81.0
Tofu Stir Fry with Sunflower Seeds,Main Meal,Vegan,Selenium,"Stir-fry tofu and broccoli, sprinkle sunflower seeds on top.","tofu, raw",150,"broccoli, raw",100,sunflower seeds,20.0,270,No,371.0,19.57,17.34,40.27,7.5,4.09,216.0,1.35,108.3,5.4,348.0,187.0,72.0,2.12,150.0,35.5,81.0
Salmon and Quinoa Salad,Main Meal,Omnivore,Selenium,"Flake salmon into quinoa and lettuce, serve chilled.","salmon, cooked",150,"quinoa, cooked",150,"lettuce, raw",50.0,350,No,700.0,35.0,35.0,70.0,10.5,7.0,350.0,1.75,35.0,7.0,700.0,175.0,105.0,3.5,175.0,74.5,105.0
Fortified Cereal with Soy Milk,Breakfast,Vegan,Selenium,Serve fortified cereal with soy milk.,"cereal, fortified",50,"soy milk, fortified",200,,,250,Yes,500.0,25.0,25.0,50.0,7.5,5.0,250.0,1.25,25.0,5.0,500.0,125.0,75.0,2.5,125.0,25.0,75.0
Brazil Nuts and Yoghurt Snack,Snack,Vegetarian,Selenium,Mix yoghurt with banana slices and Brazil nuts.,plain yoghurt,150,brazil nuts,30,"banana, raw",80.0,260,Yes,520.0,26.0,26.0,52.0,7.8,5.2,260.0,1.3,26.0,5.2,520.0,130.0,78.0,2.6,130.0,556.0,78.0
Tofu and Asparagus Wrap,Main Meal,Vegan,Selenium,"Sauté tofu and asparagus, serve in a wrap.","tofu, raw",120,"asparagus, raw",100,whole wheat wrap,80.0,300,No,600.0,30.0,30.0,60.0,9.0,6.0,300.0,1.5,30.0,6.0,600.0,150.0,90.0,3.0,150.0,41.3,90.0
Tuna Salad Sandwich,Main Meal,Omnivore,Selenium,"Mix tuna with mayo, serve on whole wheat bread.","tuna, canned in water",100,mayonnaise,20,whole wheat bread,80.0,200,No,1088.0,21.84,14.84,58.48,8.4,4.45,250.4,1.0,20.0,4.0,400.0,100.0,97.28,2.61,93.6,108.0,60.0
Mushroom and Spinach Stir Fry,Main Meal,Vegan,Selenium,"Stir-fry mushrooms and spinach, serve with rice.","mushroom, white, raw",120,"spinach, raw",100,"brown rice, cooked",150.0,370,No,740.0,37.0,37.0,74.0,11.1,7.4,370.0,1.85,37.0,7.4,740.0,185.0,111.0,3.7,185.0,44.6,111.0
Hard Boiled Eggs with Whole Grain Crackers,Snack,Vegetarian,Selenium,Serve boiled eggs with whole grain crackers.,"egg, whole, cooked",100,"crackers, whole grain",50,,,150,Yes,300.0,15.0,15.0,30.0,4.5,3.0,150.0,0.75,15.0,3.0,300.0,75.0,45.0,1.5,75.0,42.0,45.0
