Meal_Name,Meal_Type,Diet_Type,Target_Nutrient,Instructions,Main_Ingredient_1,Main_Ingredient_1_Grams,Main_Ingredient_2,Main_Ingredient_2_Grams,Main_Ingredient_3,Main_Ingredient_3_Grams,Portion_grams,Contains_Allergens,Calories_kcal,Protein_g,Fat_g,Carbs_g,Fiber_g,Iron_mg,Calcium_mg,Vitamin_B12_mcg,Vitamin_C_mg,Vitamin_D_mcg,Vitamin_A_mcg,Vitamin_K_mcg,Magnesium_mg,Zinc_mg,Folate_mcg,Selenium_mcg,Iodine_mcg
Kale and Quinoa Bowl,Main Meal,Vegan,Vitamin_K,"Mix cooked quinoa with kale and chickpeas, serve warm.","kale, raw",100,"quinoa, cooked",150,"chickpeas, cooked",100,350,No,535.0,27.92,26.49,54.42,11.6,6.6,504.0,1.75,118.4,7.0,741.0,714.0,107.7,2.89,187.0,35.0,105.0
Spinach and Mushroom Omelette,Breakfast,Vegetarian,Vitamin_K,"Cook spinach and mushrooms in a pan, add eggs and scramble.","egg, whole, cooked",100,"spinach, raw",100,"mushroom, white, raw",80,280,Yes,560.0,28.0,28.0,56.0,8.4,5.6,280.0,1.4,28.0,5.6,560.0,483.0,84.0,2.8,140.0,28.0,84.0
Broccoli and Chicken Stir Fry,Main Meal,Omnivore,Vitamin_K,"Stir-fry chicken and broccoli, serve over rice.","chicken breast, cooked",150,"broccoli, raw",100,"brown rice, cooked",150,400,No,631.0,32.57,30.34,66.27,11.4,6.69,346.0,2.0,121.3,8.0,608.0,101.0,111.0,3.42,215.0,31.6,120.0
Kale Smoothie,Snack,Vegan,Vitamin_K,"Blend kale, banana, and almond milk into a smoothie.","kale, raw",80,"banana, raw",100,"almond milk, fortified",150,330,Yes,528.0,27.34,26.19,53.54,10.78,6.28,453.2,1.65,99.72,6.6,692.8,437.0,101.16,2.81,174.6,33.0,99.0
Tofu with Cabbage Stir Fry,Main Meal,Vegan,Vitamin_K,"Stir-fry tofu, cabbage, and onions.","tofu, raw",150,"cabbage, raw",100,"onion, raw",50,300,No,600.0,30.0,30.0,60.0,9.0,6.0,300.0,1.5,30.0,6.0,600.0,78.0,90.0,3.0,150.0,30.0,90.0
Yoghurt with Kiwi and Kale,Snack,Vegetarian,Vitamin_K,Mix yoghurt with chopped kiwi and shredded kale.,plain yoghurt,150,"kiwi, raw",80,"kale, raw",50,280,Yes,477.5,24.46,23.74,48.21,8.95,5.4,357.0,1.4,69.7,5.6,580.5,310.0,85.35,2.5,146.0,28.0,84.0
Egg and Spinach Wrap,Main Meal,Vegetarian,Vitamin_K,Wrap cooked eggs and spinach in tortilla.,"egg, whole, cooked",100,"spinach, raw",80,whole wheat wrap,80,260,Yes,520.0,26.0,26.0,52.0,7.8,5.2,260.0,1.3,26.0,5.2,520.0,386.0,78.0,2.6,130.0,26.0,78.0
Beef and Broccoli Bowl,Main Meal,Omnivore,Vitamin_K,"Stir-fry beef and broccoli, serve over rice.","beef, ground, cooked",150,"broccoli, raw",100,"white rice, cooked",150,400,No,631.0,32.57,30.34,66.27,11.4,6.69,346.0,2.0,121.3,8.0,608.0,101.0,111.0,3.42,215.0,31.6,120.0
Kale and Hummus Wrap,Snack,Vegan,Vitamin_K,Wrap kale and hummus in tortilla.,"kale, raw",80,hummus,50,whole wheat wrap,70,200,No,268.0,14.34,13.19,27.54,6.88,3.68,323.2,1.0,86.72,4.0,432.8,574.0,62.16,1.51,109.6,20.0,60.0
Spinach and Avocado Toast,Breakfast,Vegan,Vitamin_K,Toast bread and top with avocado and spinach.,"spinach, raw",60,"avocado, raw",80,whole wheat bread,70,210,No,1022.0,22.61,16.48,58.17,8.4,4.59,254.1,1.05,21.0,4.2,420.0,311.0,95.62,2.63,99.4,32.06,63.0
