Meal_Name,Meal_Type,Diet_Type,Target_Nutrient,Instructions,Main_Ingredient_1,Main_Ingredient_1_Grams,Main_Ingredient_2,Main_Ingredient_2_Grams,Main_Ingredient_3,Main_Ingredient_3_Grams,Portion_grams,Contains_Allergens,Calories_kcal,Protein_g,Fat_g,Carbs_g,Fiber_g,Iron_mg,Calcium_mg,Vitamin_B12_mcg,Vitamin_C_mg,Vitamin_D_mcg,Vitamin_A_mcg,Vitamin_K_mcg,Magnesium_mg,Zinc_mg,Folate_mcg,Selenium_mcg,Iodine_mcg
Bell Pepper and Chickpea Salad,Main Meal,Vegan,Vitamin_C,"Toss chickpeas, bell pepper, and spinach with dressing.","chickpeas, cooked",150,"red bell pepper, raw",100,"spinach, raw",80.0,330,No,660.0,33.0,33.0,66.0,9.9,6.6,330.0,1.65,148.0,6.6,660.0,165.0,99.0,3.3,165.0,33.0,99.0
Orange and Yogurt Parfait,Breakfast,Vegetarian,Vitamin_C,Layer yoghurt and sliced orange in a bowl.,"orange, raw",150,plain yoghurt,150,,,300,Yes,600.0,30.0,30.0,60.0,9.0,6.0,300.0,1.5,70.0,6.0,600.0,150.0,90.0,3.0,150.0,30.0,90.0
Broccoli and Tofu Stir Fry,Main Meal,Vegan,Vitamin_C,Stir-fry tofu and broccoli. Serve with rice.,"tofu, raw",150,"broccoli, raw",100,"brown rice, cooked",150.0,400,No,631.0,32.57,30.34,66.27,11.4,6.69,346.0,2.0,89.0,8.0,608.0,252.0,111.0,3.42,215.0,31.6,120.0
Strawberries and Oatmeal,Breakfast,Vegetarian,Vitamin_C,Cook oats with milk and top with fresh strawberries.,"oats, dry",50,"strawberries, raw",100,"milk, whole",100.0,250,Yes,500.0,25.0,25.0,50.0,7.5,5.0,250.0,1.25,59.0,5.0,500.0,125.0,75.0,2.5,125.0,25.0,75.0
Chicken and Bell Pepper Wrap,Main Meal,Omnivore,Vitamin_C,Wrap grilled chicken and bell pepper in tortilla.,"chicken breast, cooked",150,"red bell pepper, raw",100,whole wheat wrap,80.0,330,No,660.0,33.0,33.0,66.0,9.9,6.6,330.0,1.65,127.0,6.6,660.0,165.0,99.0,3.3,165.0,33.0,99.0
Kale Smoothie,Snack,Vegan,Vitamin_C,Blend all ingredients into a smoothie.,"kale, raw",80,"banana, raw",100,orange juice,150.0,330,No,528.0,27.34,26.19,53.54,10.78,6.28,453.2,1.65,212.0,6.6,692.8,437.0,101.16,2.81,174.6,33.0,99.0
Egg and Red Pepper Toast,Breakfast,Vegetarian,Vitamin_C,"Fry egg and pepper, serve over toast.","egg, whole, cooked",100,"red bell pepper, raw",80,whole wheat bread,60.0,240,Yes,996.0,25.38,20.13,61.86,9.0,5.14,277.8,1.2,101.0,4.8,480.0,120.0,99.96,2.86,115.2,33.48,72.0
Lentil Stew with Tomatoes,Main Meal,Vegan,Vitamin_C,Cook lentils with tomatoes and onions in broth.,"lentils, cooked",150,"tomato, red, ripe, raw",100,"onion, raw",50.0,300,No,600.0,30.0,30.0,60.0,9.0,6.0,300.0,1.5,17.0,6.0,600.0,150.0,90.0,3.0,150.0,30.0,90.0
Tuna Salad with Citrus Dressing,Main Meal,Omnivore,Vitamin_C,"Mix tuna and lettuce, drizzle with citrus dressing.","tuna, canned in water",100,"lettuce, raw",80,orange juice,50.0,230,No,460.0,23.0,23.0,46.0,6.9,4.6,230.0,1.15,45.0,4.6,460.0,115.0,69.0,2.3,115.0,23.0,69.0
Fruit and Nut Snack Bowl,Snack,Vegetarian,Vitamin_C,"Mix sliced strawberries, banana, and almonds.","strawberries, raw",100,"banana, raw",80,almonds,30.0,210,Yes,420.0,21.0,21.0,42.0,6.3,4.2,210.0,1.05,66.0,4.2,420.0,105.0,63.0,2.1,105.0,21.0,63.0
