Meal_Name,Meal_Type,Diet_Type,Target_Nutrient,Instructions,Main_Ingredient_1,Main_Ingredient_1_Grams,Main_Ingredient_2,Main_Ingredient_2_Grams,Portion_grams,Contains_Allergens,Calories_kcal,Protein_g,Fat_g,Carbs_g,Fiber_g,Iron_mg,Calcium_mg,Vitamin_B12_mcg,Vitamin_C_mg,Vitamin_D_mcg,Vitamin_A_mcg,Vitamin_K_mcg,Magnesium_mg,Zinc_mg,Folate_mcg,Selenium_mcg,Iodine_mcg,Main_Ingredient_3,Main_Ingredient_3_Grams
Salmon and Sweet Potato,Main Meal,Omnivore,Vitamin_B12,Bake salmon and serve with roasted sweet potato.,"salmon, cooked",150,"sweet potato, cooked",150,300,No,600.0,30.0,30.0,60.0,9.0,6.0,300.0,1.5,30.0,6.0,600.0,150.0,90.0,3.0,150.0,30.0,90.0,,
Egg and Cheese Toast,Breakfast,Vegetarian,Vitamin_B12,"Cook egg, add cheese, and sandwich between toasted bread.","egg, whole, cooked",100,cheddar cheese,40,210,Yes,1626.0,27.93,26.08,51.15,8.4,3.85,496.9,1.27,21.0,4.2,466.4,85.96,94.34,3.7,87.8,39.38,63.0,whole wheat bread,70.0
Tuna Sandwich,Main Meal,Omnivore,Vitamin_B12,Mix tuna with mayo and serve on toasted bread.,"tuna, canned in water",100,mayonnaise,20,200,No,1088.0,21.84,14.84,58.48,8.4,4.45,250.4,1.0,20.0,4.0,400.0,100.0,97.28,2.61,93.6,32.64,60.0,whole wheat bread,80.0
Omelette with Mushrooms,Breakfast,Vegetarian,Vitamin_B12,"Whisk eggs with milk and mushrooms, then cook as an omelette.","egg, whole, cooked",100,"mushroom, white, raw",80,230,Yes,460.0,23.0,23.0,46.0,6.9,4.6,230.0,1.15,23.0,4.6,460.0,115.0,69.0,2.3,115.0,23.0,69.0,"milk, whole",50.0
Liver and Onions,Main Meal,Omnivore,Vitamin_B12,Fry beef liver and onions with seasoning.,"beef liver, cooked",120,"onion, raw",50,170,No,340.0,17.0,17.0,34.0,5.1,3.4,170.0,0.85,17.0,3.4,340.0,85.0,51.0,1.7,85.0,17.0,51.0,,
Fortified Cereal with Almond Milk,Breakfast,Vegan,Vitamin_B12,Combine cereal and milk in a bowl.,"cereal, fortified",50,"almond milk, fortified",200,250,Yes,500.0,25.0,25.0,50.0,7.5,5.0,250.0,1.25,25.0,5.0,500.0,125.0,75.0,2.5,125.0,25.0,75.0,,
Yogurt Parfait with Berries,Snack,Vegetarian,Vitamin_B12,"Layer yoghurt, blueberries, and almonds in a glass.",plain yoghurt,150,"blueberries, raw",80,260,Yes,520.0,26.0,26.0,52.0,7.8,5.2,260.0,1.3,26.0,5.2,520.0,130.0,78.0,2.6,130.0,26.0,78.0,almonds,30.0
Tuna Salad with Egg,Main Meal,Omnivore,Vitamin_B12,"Mix tuna and egg, serve over lettuce with dressing.","tuna, canned in water",80,"egg, whole, cooked",70,210,Yes,420.0,21.0,21.0,42.0,6.3,4.2,210.0,1.05,21.0,4.2,420.0,105.0,63.0,2.1,105.0,21.0,63.0,"lettuce, raw",60.0
Scrambled Eggs and Milk,Breakfast,Vegetarian,Vitamin_B12,"Whisk eggs and milk, scramble in pan.","egg, whole, cooked",100,"milk, whole",100,200,Yes,400.0,20.0,20.0,40.0,6.0,4.0,200.0,1.0,20.0,4.0,400.0,100.0,60.0,2.0,100.0,20.0,60.0,,
Nutritional Yeast on Tofu Toast,Snack,Vegan,Vitamin_B12,"Pan-fry tofu, top with nutritional yeast, serve on toast.","tofu, raw",100,nutritional yeast,10,170,No,856.0,18.38,13.13,47.86,6.9,3.74,207.8,0.85,17.0,3.4,340.0,85.0,78.96,2.16,80.2,26.48,51.0,whole wheat bread,60.0
