Meal_Name,Meal_Type,Diet_Type,Target_Nutrient,Instructions,Main_Ingredient_1,Main_Ingredient_1_Grams,Main_Ingredient_2,Main_Ingredient_2_Grams,Main_Ingredient_3,Main_Ingredient_3_Grams,Portion_grams,Contains_Allergens,Calories_kcal,Protein_g,Fat_g,Carbs_g,Fiber_g,Iron_mg,Calcium_mg,Vitamin_B12_mcg,Vitamin_C_mg,Vitamin_D_mcg,Vitamin_A_mcg,Vitamin_K_mcg,Magnesium_mg,Zinc_mg,Folate_mcg,Selenium_mcg,Iodine_mcg
Carrot and Sweet Potato Soup,Main Meal,Vegan,Vitamin_A,"Simmer carrots, sweet potatoes, and onions. Blend into soup.","carrot, raw",150,"sweet potato, cooked",150,"onion, raw",50.0,350,No,700.0,35.0,35.0,70.0,10.5,7.0,350.0,1.75,35.0,7.0,29000.0,175.0,105.0,3.5,175.0,35.0,105.0
Egg and Spinach Omelette,Breakfast,Vegetarian,Vitamin_A,Whisk eggs with milk and spinach. Cook in pan.,"egg, whole, cooked",100,"spinach, raw",100,"milk, whole",50.0,250,Yes,500.0,25.0,25.0,50.0,7.5,5.0,250.0,1.25,25.0,5.0,686.0,125.0,75.0,2.5,125.0,25.0,75.0
Beef Liver with Carrots,Main Meal,Omnivore,Vitamin_A,Pan-fry liver and serve with boiled carrots.,"beef liver, cooked",120,"carrot, raw",100,,,220,No,440.0,22.0,22.0,44.0,6.6,4.4,220.0,1.1,22.0,4.4,45780.0,110.0,66.0,2.2,110.0,22.0,66.0
Fortified Plant Milk and Cereal,Breakfast,Vegan,Vitamin_A,Serve fortified cereal with almond milk.,"almond milk, fortified",200,"cereal, fortified",50,,,250,Yes,500.0,25.0,25.0,50.0,7.5,5.0,250.0,1.25,25.0,5.0,300.0,125.0,75.0,2.5,125.0,25.0,75.0
Pumpkin Lentil Curry,Main Meal,Vegan,Vitamin_A,Cook lentils and pumpkin with curry spices.,"pumpkin, cooked",150,"lentils, cooked",150,"onion, raw",50.0,350,No,700.0,35.0,35.0,70.0,10.5,7.0,350.0,1.75,35.0,7.0,9650.0,175.0,105.0,3.5,175.0,35.0,105.0
Yoghurt with Mango,Snack,Vegetarian,Vitamin_A,Combine yoghurt with chopped mango in a bowl.,plain yoghurt,150,"mango, raw",100,,,250,Yes,500.0,25.0,25.0,50.0,7.5,5.0,250.0,1.25,25.0,5.0,154.0,125.0,75.0,2.5,125.0,25.0,75.0
Grilled Chicken and Kale,Main Meal,Omnivore,Vitamin_A,"Grill chicken, sauté kale, serve with quinoa.","chicken breast, cooked",150,"kale, raw",100,"quinoa, cooked",150.0,400,No,635.0,32.92,31.49,64.42,13.1,7.6,554.0,2.0,123.4,8.0,841.0,540.0,122.7,3.39,212.0,40.0,120.0
Sweet Potato Toast with Avocado,Breakfast,Vegan,Vitamin_A,Toast thin sweet potato slices and top with mashed avocado.,"sweet potato, cooked",150,"avocado, raw",80,,,230,No,460.0,23.0,23.0,46.0,6.9,4.6,230.0,1.15,23.0,4.6,19222.0,115.0,69.0,2.3,115.0,23.0,69.0
Tuna and Carrot Wrap,Main Meal,Omnivore,Vitamin_A,Wrap tuna and grated carrot in whole wheat tortilla.,"tuna, canned in water",100,"carrot, raw",80,whole wheat wrap,80.0,260,No,520.0,26.0,26.0,52.0,7.8,5.2,260.0,1.3,26.0,5.2,5474.0,130.0,78.0,2.6,130.0,26.0,78.0
Kale Chips with Hummus,Snack,Vegan,Vitamin_A,Bake kale until crisp and serve with hummus.,"kale, raw",80,hummus,50,,,130,No,128.0,7.34,6.19,13.54,4.78,2.28,253.2,0.65,79.72,2.6,545.0,337.0,41.16,0.81,74.6,13.0,39.0
