Meal_Name,Meal_Type,Diet_Type,Target_Nutrient,Instructions,Main_Ingredient_1,Main_Ingredient_1_Grams,Main_Ingredient_2,Main_Ingredient_2_Grams,Main_Ingredient_3,Main_Ingredient_3_Grams,Portion_grams,Contains_Allergens,Calories_kcal,Protein_g,Fat_g,Carbs_g,Fiber_g,Iron_mg,Calcium_mg,Vitamin_B12_mcg,Vitamin_C_mg,Vitamin_D_mcg,Vitamin_A_mcg,Vitamin_K_mcg,Magnesium_mg,Zinc_mg,Folate_mcg,Selenium_mcg,Iodine_mcg
Grilled Salmon with Steamed Veg,Main Meal,Omnivore,Vitamin_D,Grill salmon and serve with steamed broccoli and carrots.,"salmon, cooked",150,"broccoli, raw",100,"carrot, raw",80.0,330,No,491.0,25.57,23.34,52.27,9.3,5.29,276.0,1.65,114.3,19.7,468.0,217.0,90.0,2.72,180.0,24.6,99.0
Scrambled Eggs with Toast,Breakfast,Vegetarian,Vitamin_D,"Whisk eggs with milk, scramble and serve on toast.","egg, whole, cooked",100,"milk, whole",100,whole wheat bread,70.0,270,Yes,1142.0,28.61,22.48,70.17,10.2,5.79,314.1,1.35,27.0,2.2,540.0,135.0,113.62,3.23,129.4,38.06,81.0
Tuna Pasta Salad,Main Meal,Omnivore,Vitamin_D,"Mix tuna with pasta and peas, serve chilled.","tuna, canned in water",120,"pasta, cooked",150,"peas, green, boiled",80.0,350,No,700.0,35.0,35.0,70.0,10.5,7.0,350.0,1.75,35.0,2.4,700.0,175.0,105.0,3.5,175.0,35.0,105.0
Fortified Cereal with Soy Milk,Breakfast,Vegan,Vitamin_D,Serve cereal with fortified soy milk.,"cereal, fortified",50,"soy milk, fortified",200,,,250,Yes,500.0,25.0,25.0,50.0,7.5,5.0,250.0,1.25,25.0,6.0,500.0,125.0,75.0,2.5,125.0,25.0,75.0
Egg and Mushroom Wrap,Main Meal,Vegetarian,Vitamin_D,"Cook eggs and mushrooms, wrap in whole wheat tortilla.","egg, whole, cooked",100,"mushroom, white, raw",100,whole wheat wrap,80.0,280,Yes,560.0,28.0,28.0,56.0,8.4,5.6,280.0,1.4,28.0,2.0,560.0,140.0,84.0,2.8,140.0,28.0,84.0
Mackerel and Sweet Potato,Main Meal,Omnivore,Vitamin_D,Grill mackerel and serve with roasted sweet potato.,"mackerel, cooked",120,"sweet potato, cooked",150,,,270,No,540.0,27.0,27.0,54.0,8.1,5.4,270.0,1.35,27.0,9.7,540.0,135.0,81.0,2.7,135.0,27.0,81.0
Tofu with Nutritional Yeast,Main Meal,Vegan,Vitamin_D,"Fry tofu, top with nutritional yeast, serve with brown rice.","tofu, raw",150,nutritional yeast,10,"brown rice, cooked",150.0,310,No,620.0,31.0,31.0,62.0,9.3,6.2,310.0,1.55,31.0,2.5,620.0,155.0,93.0,3.1,155.0,31.0,93.0
Yogurt and Orange Parfait,Snack,Vegetarian,Vitamin_D,Layer yoghurt and orange slices in a cup.,plain yoghurt,150,"orange, raw",100,,,250,Yes,500.0,25.0,25.0,50.0,7.5,5.0,250.0,1.25,25.0,0.2,500.0,125.0,75.0,2.5,125.0,25.0,75.0
Sardines on Toast,Snack,Omnivore,Vitamin_D,Place sardines on toasted bread.,"sardines, canned in oil",100,whole wheat bread,60,,,160,No,836.0,17.38,12.13,45.86,6.6,3.54,197.8,0.8,16.0,4.8,320.0,80.0,75.96,2.06,75.2,25.48,48.0
