Meal_Name,Meal_Type,Diet_Type,Target_Nutrient,Instructions,Main_Ingredient_1,Main_Ingredient_1_Grams,Main_Ingredient_2,Main_Ingredient_2_Grams,Main_Ingredient_3,Main_Ingredient_3_Grams,Portion_grams,Contains_Allergens,Calories_kcal,Protein_g,Fat_g,Carbs_g,Fiber_g,Iron_mg,Calcium_mg,Vitamin_B12_mcg,Vitamin_C_mg,Vitamin_D_mcg,Vitamin_A_mcg,Vitamin_K_mcg,Magnesium_mg,Zinc_mg,Folate_mcg,Selenium_mcg,Iodine_mcg
Beef and Lentil Stew,Main Meal,Omnivore,Zinc,"Simmer beef, lentils, and onions into a stew.","beef, ground, cooked",150,"lentils, cooked",150,"onion, raw",50,350,No,700.0,35.0,35.0,70.0,10.5,7.0,350.0,1.75,35.0,7.0,700.0,175.0,105.0,6.3,175.0,35.0,105.0
Pumpkin Seed Oatmeal,Breakfast,Vegetarian,Zinc,"Cook oats with banana, top with pumpkin seeds.","oats, dry",50,pumpkin seeds,30,"banana, raw",100,180,No,360.0,18.0,18.0,36.0,5.4,3.6,180.0,0.9,18.0,3.6,360.0,90.0,54.0,5.0,90.0,18.0,54.0
Chickpea and Quinoa Bowl,Main Meal,Vegan,Zinc,"Mix chickpeas, quinoa, and kale. Serve warm.","chickpeas, cooked",150,"quinoa, cooked",150,"kale, raw",80,380,No,628.0,32.34,31.19,63.54,12.28,7.28,503.2,1.9,104.72,7.6,792.8,462.0,116.16,5.0,199.6,38.0,114.0
Egg and Cheese Sandwich,Breakfast,Vegetarian,Zinc,"Cook egg, melt cheese, and serve on toasted bread.","egg, whole, cooked",100,cheddar cheese,40,whole wheat bread,70,210,Yes,1626.0,27.93,26.08,51.15,8.4,3.85,496.9,1.27,21.0,4.2,466.4,85.96,94.34,3.7,87.8,39.38,63.0
Tofu Stir Fry with Broccoli,Main Meal,Vegan,Zinc,"Stir-fry tofu and broccoli, serve with rice.","tofu, raw",150,"broccoli, raw",100,"brown rice, cooked",150,400,No,631.0,32.57,30.34,66.27,11.4,6.69,346.0,2.0,121.3,8.0,608.0,252.0,111.0,3.42,215.0,31.6,120.0
Yoghurt with Pumpkin Seeds and Berries,Snack,Vegetarian,Zinc,Mix yoghurt with seeds and berries.,plain yoghurt,150,pumpkin seeds,20,"blueberries, raw",80,250,Yes,500.0,25.0,25.0,50.0,7.5,5.0,250.0,1.25,25.0,5.0,500.0,125.0,75.0,2.5,125.0,25.0,75.0
Tuna Salad Wrap,Main Meal,Omnivore,Zinc,"Mix tuna and lettuce, serve in a whole wheat wrap.","tuna, canned in water",100,"lettuce, raw",80,whole wheat wrap,80,260,No,520.0,26.0,26.0,52.0,7.8,5.2,260.0,1.3,26.0,5.2,520.0,130.0,78.0,2.6,130.0,26.0,78.0
Lentil and Spinach Soup,Main Meal,Vegan,Zinc,"Simmer lentils, spinach, and tomato into soup.","lentils, cooked",150,"spinach, raw",100,"tomato, red, ripe, raw",80,330,No,660.0,33.0,33.0,66.0,9.9,6.6,330.0,1.65,33.0,6.6,660.0,165.0,99.0,3.3,165.0,33.0,99.0
Almond Butter Banana Toast,Snack,Vegetarian,Zinc,Spread almond butter and banana on toast.,almond butter,30,"banana, raw",80,whole wheat bread,70,180,Yes,962.0,19.61,13.48,52.17,7.5,3.99,224.1,0.9,18.0,3.6,360.0,90.0,86.62,2.33,84.4,29.06,54.0
Beef and Egg Stir Fry,Main Meal,Omnivore,Zinc,"Stir-fry beef, eggs, and onions.","beef, ground, cooked",120,"egg, whole, cooked",100,"onion, raw",60,280,Yes,560.0,28.0,28.0,56.0,8.4,5.6,280.0,1.4,28.0,5.6,560.0,140.0,84.0,2.8,140.0,28.0,84.0
