

nutrient,food,diet_type,source,
iron,beef liver,omnivore,USDA,
iron,lentils,vegan,USDA
iron,spinach,vegan,USDA
iron,chickpeas,vegan,USDA
iron,fortified breakfast cereals,vegan,USDA
iron,dark chocolate,vegetarian,USDA
calcium,tofu (calcium-set),vegan,USDA
calcium,collard greens,vegan,USDA
calcium,sardines (with bones),omnivore,USDA
calcium,yogurt,vegetarian,USDA
calcium,cheddar cheese,vegetarian,USDA
calcium,almonds,vegan,USDA
calcium,milk,vegan,USDA
vitamin c,orange,vegan,USDA
vitamin c,kiwi,vegan,USDA
vitamin c,strawberries,vegan,USDA
vitamin c,broccoli,vegan,USDA
vitamin c,bell peppers,vegan,USDA
vitamin c,guava,vegan,USDA
vitamin b12,clams,omnivore,USDA
vitamin b12,salmon,omnivore,USDA
vitamin b12,fortified soy milk,vegan,USDA
vitamin b12,nutritional yeast (fortified),vegan,USDA
vitamin b12,eggs,vegetarian,USDA
vitamin b12,milk,vegetarian,USDA
magnesium,pumpkin seeds,vegan,USDA
magnesium,black beans,vegan,USDA
magnesium,quinoa,vegan,USDA
magnesium,avocado,vegan,USDA
magnesium,cashews,vegan,USDA
zinc,oysters,omnivore,USDA
zinc,beef,omnivore,USDA
zinc,hemp seeds,vegan,USDA
zinc,cashews,vegan,USDA
zinc,chickpeas,vegan,USDA
vitamin a,sweet potatoes,vegan,USDA
vitamin a,carrots,vegan,USDA
vitamin a,spinach,vegan,USDA
vitamin a,cantaloupe,vegan,USDA
vitamin a,eggs,vegetarian,USDA
vitamin d,salmon,omnivore,USDA
vitamin d,sardines (with bones),omnivore,USDA
vitamin d,egg yolk,vegetarian,USDA
vitamin d,fortified cereal,vegan,USDA
phosphorus,sunflower seeds,vegan,USDA
phosphorus,chicken,omnivore,USDA
phosphorus,lentils,vegan,USDA
phosphorus,yogurt,vegetarian,USDA
thiamine,whole wheat bread,vegan,USDA
thiamine,sunflower seeds,vegan,USDA
niacin,tuna,omnivore,USDA
niacin,peanuts,vegan,USDA
niacin,chicken breast,omnivore,USDA
