[
  {
    "symptom": "tiredness",
    "aliases": ["fatigue", "feeling tired", "low energy", "exhaustion", "lethargy"],
    "nutrient": "iron",
    "explanation": "Iron deficiency can cause tiredness due to reduced oxygen levels in the blood."
  },
  {
    "symptom": "bleeding gums",
    "aliases": ["gum bleeding", "gums bleed", "sore gums", "tender gums", "scurvy symptom"],
    "nutrient": "vitamin c",
    "explanation": "Bleeding gums can be a sign of vitamin C deficiency, known as scurvy."
  },
  {
    "symptom": "bone pain",
    "aliases": ["bone ache", "aching bones", "joint pain", "weak bones"],
    "nutrient": "vitamin d",
    "explanation": "Vitamin D deficiency can lead to bone pain and disorders like rickets or osteomalacia."
  },
  {
    "symptom": "night blindness",
    "aliases": ["trouble seeing in the dark", "poor night vision", "vision issues in dim light"],
    "nutrient": "vitamin a",
    "explanation": "Vitamin A is essential for healthy vision, especially in low light. Deficiency can cause night blindness."
  },
  {
    "symptom": "mouth ulcers",
    "aliases": ["sores in mouth", "oral ulcers", "canker sores"],
    "nutrient": "vitamin b12",
    "explanation": "Vitamin B12 deficiency may result in mouth ulcers and a swollen tongue."
  },
  {
    "symptom": "numbness or tingling",
    "aliases": ["pins and needles", "numb hands", "tingling feet"],
    "nutrient": "vitamin b12",
    "explanation": "Numbness or tingling can be a sign of vitamin B12 deficiency affecting nerve health."
  },
  {
    "symptom": "pale skin",
    "aliases": ["paleness", "yellowish skin", "sallow skin"],
    "nutrient": "iron",
    "explanation": "Iron deficiency can cause pale skin, a common sign of anaemia."
  },
  {
    "symptom": "confusion",
    "aliases": ["memory problems", "forgetfulness", "brain fog"],
    "nutrient": "vitamin b12",
    "explanation": "Vitamin B12 deficiency can cause confusion, forgetfulness, and cognitive issues."
  },
  {
    "symptom": "scurvy",
    "type": "condition",
    "aliases": ["vitamin c deficiency", "lack of vitamin c", "scorbutus"],
    "nutrient": ["vitamin C"],
    "explanation": "Scurvy is caused by a lack of vitamin C, which is essential for collagen production and immune health."
  },
  {
    "symptom": "anemia",
    "type": "condition",
    "aliases": ["iron deficiency anemia", "low iron", "anemia"],
    "nutrient": ["iron", "vitamin C"],
    "explanation": "Anemia is caused by a lack of healthy red blood cells. Iron is crucial for producing red blood cells, and vitamin C helps with iron absorption."
  },
  {
    "symptom": "osteoporosis",
    "type": "condition",
    "aliases": ["bone thinning", "weak bones", "bone loss"],
    "nutrient": ["calcium", "vitamin D"],
    "explanation": "Osteoporosis is a condition where bones become weak and fragile. Calcium is essential for bone strength, and vitamin D helps the body absorb calcium."
  },
  {
    "symptom": "rickets",
    "type": "condition",
    "aliases": ["vitamin d deficiency in children", "bone deformities in children"],
    "nutrient": ["vitamin D", "calcium", "phosphorus"],
    "explanation": "Rickets is a bone condition caused by vitamin D deficiency. Calcium and phosphorus are also vital for bone health."
  },
  {
    "symptom": "beriberi",
    "type": "condition",
    "aliases": ["thiamine deficiency", "vitamin B1 deficiency"],
    "nutrient": ["thiamine"],
    "explanation": "Beriberi is caused by a deficiency of thiamine (vitamin B1), leading to nerve and heart problems."
  },
  {
    "symptom": "pellagra",
    "type": "condition",
    "aliases": ["niacin deficiency", "vitamin B3 deficiency"],
    "nutrient": ["niacin"],
    "explanation": "Pellagra is caused by a niacin (vitamin B3) deficiency, leading to skin issues, digestive problems, and mental confusion."
  },
  {
    "symptom": "vitamin A deficiency",
    "type": "condition",
    "aliases": ["night blindness", "dry eyes", "blindness due to vitamin A deficiency"],
    "nutrient": ["vitamin A"],
    "explanation": "Vitamin A is crucial for eye health. A deficiency can lead to night blindness and dry eyes."
  },
  {
    "symptom": "kwashiorkor",
    "type": "condition",
    "aliases": ["protein deficiency", "severe protein malnutrition"],
    "nutrient": ["protein"],
    "explanation": "Kwashiorkor is a form of malnutrition caused by a severe protein deficiency, leading to edema and liver dysfunction."
  }
  ,
  {
    "symptom": "headaches",
    "aliases": ["migraine", "head pain", "throbbing head", "sensitive to light","headache"],
    "nutrient": ["magnesium", "vitamin b2"],
    "explanation": "Magnesium and vitamin B2 (riboflavin) have been linked to the prevention and reduction of headaches and migraines."
  },
  {
    "symptom": "hair loss",
    "aliases": ["thinning hair", "bald patches", "losing hair"],
    "nutrient": ["zinc", "iron", "biotin"],
    "explanation": "Hair loss can be associated with deficiencies in zinc, iron, and biotin (vitamin B7), which are essential for hair health and growth."
  },
  {
    "symptom": "dry skin",
    "aliases": ["flaky skin", "itchy skin", "rough skin"],
    "nutrient": ["vitamin a", "zinc", "essential fatty acids"],
    "explanation": "Dry skin may result from deficiencies in vitamin A, zinc, and essential fatty acids, all of which support skin health."
  },
  {
    "symptom": "cracked lips",
    "aliases": ["chapped lips", "split lips", "sore lips"],
    "nutrient": ["vitamin b2", "vitamin b6", "iron"],
    "explanation": "Cracked lips can be linked to deficiencies in riboflavin (B2), pyridoxine (B6), and iron, which support skin and mucous membrane health."
  },
  {
    "symptom": "irritability",
    "aliases": ["easily annoyed", "mood swings", "low tolerance"],
    "nutrient": ["magnesium", "vitamin b1", "vitamin b6", "vitamin b12"],
    "explanation": "Irritability may be influenced by deficiencies in B vitamins and magnesium, which affect nervous system function."
  },
  {
    "symptom": "memory loss",
    "aliases": ["forgetfulness", "difficulty concentrating", "short-term memory issues"],
    "nutrient": ["vitamin b12"],
    "explanation": "Memory loss and cognitive decline can be associated with vitamin B12 deficiency."
  },
  {
    "symptom": "frequent infections",
    "aliases": ["getting sick often", "low immunity", "recurrent illness"],
    "nutrient": ["vitamin c", "vitamin d", "zinc"],
    "explanation": "Frequent infections can be a sign of weakened immunity due to deficiencies in vitamin C, vitamin D, and zinc."
  }
]