[
  {
    "value": "23",
    "synonyms": [
      "23",
      "twenty three"
    ]
  },
  {
    "value": "15",
    "synonyms": [
      "15",
      "fifteen"
    ]
  },
  {
    "value": "30",
    "synonyms": [
      "30",
      "thirty"
    ]
  },
  {
    "value": "42",
    "synonyms": [
      "42",
      "fourty four"
    ]
  },
  {
    "value": "12",
    "synonyms": [
      "12",
      "twelve"
    ]
  },
  {
    "value": "6",
    "synonyms": [
      "6",
      "six"
    ]
  },
  {
    "value": "86",
    "synonyms": [
      "86",
      "eighty six"
    ]
  }
]