[
  {
    "value": "Anemia",
    "synonyms": [
      "Anemia",
      "iron deficiency anemia"
    ]
  },
  {
    "value": "Scurvy",
    "synonyms": [
      "Scurvy"
    ]
  },
  {
    "value": "Osteoporosis",
    "synonyms": [
      "Osteoporosis",
      "bone thinning"
    ]
  },
  {
    "value": "Rickets",
    "synonyms": [
      "Rickets",
      "bone deformities in children"
    ]
  },
  {
    "value": "Beriberi",
    "synonyms": [
      "Beriberi"
    ]
  },
  {
    "value": "Pellagra",
    "synonyms": [
      "Pellagra"
    ]
  }
]