[
  {
    "value": "kiwi",
    "synonyms": [
      "kiwis",
      "green kiwi",
      "kiwi fruit"
    ]
  },
  {
    "value": "banana",
    "synonyms": [
      "bananas",
      "ripe banana",
      "yellow banana"
    ]
  },
  {
    "value": "carrot",
    "synonyms": [
      "carrots",
      "orange carrot",
      "baby carrots"
    ]
  },
  {
    "value": "broccoli",
    "synonyms": [
      "broccolis",
      "brocoli"
    ]
  },
  {
    "value": "spinach",
    "synonyms": [
      "spinachs",
      "spinich",
      "raw spinach"
    ]
  },
  {
    "value": "egg",
    "synonyms": [
      "eggs",
      "boiled egg",
      "scrambled egg",
      "fried egg"
    ]
  },
  {
    "value": "salmon",
    "synonyms": [
      "atlantic salmon",
      "smoked salmon",
      "salmon fish"
    ]
  },
  {
    "value": "chicken",
    "synonyms": [
      "grilled chicken",
      "roast chicken",
      "boiled chicken",
      "chicken breast"
    ]
  },
  {
    "value": "beef",
    "synonyms": [
      "minced beef",
      "ground beef",
      "beef steak",
      "steak"
    ]
  },
  {
    "value": "liver",
    "synonyms": [
      "beef liver",
      "chicken liver"
    ]
  },
  {
    "value": "yogurt",
    "synonyms": [
      "yoghurt",
      "greek yogurt"
    ]
  },
  {
    "value": "almond",
    "synonyms": [
      "almonds",
      "raw almond"
    ]
  },
  {
    "value": "tofu",
    "synonyms": [
      "soy tofu",
      "bean curd"
    ]
  },
  {
    "value": "lentils",
    "synonyms": [
      "red lentils",
      "green lentils",
      "cooked lentils"
    ]
  },
  {
    "value": "oats",
    "synonyms": [
      "porridge",
      "oatmeal"
    ]
  },
  {
    "value": "bread",
    "synonyms": [
      "whole grain bread",
      "wholemeal bread",
      "white bread"
    ]
  },
  {
    "value": "nuts",
    "synonyms": [
      "mixed nuts",
      "cashew",
      "peanut"
    ]
  },
  {
    "value": "avocado",
    "synonyms": [
      "avocados",
      "avacado"
    ]
  },
  {
    "value": "pumpkin seeds",
    "synonyms": [
      "pumpkin seed"
    ]
  },
  {
    "value": "sunflower seeds",
    "synonyms": [
      "sunflower seed"
    ]
  },
  {
    "value": "mushroom",
    "synonyms": [
      "mushrooms",
      "button mushroom",
      "portobello"
    ]
  },
  {
    "value": "soya milk",
    "synonyms": [
      "soy milk",
      "fortified soy milk",
      "soymilk"
    ]
  },
  {
    "value": "oat milk",
    "synonyms": [
      "fortified oat milk"
    ]
  },
  {
    "value": "coconut milk",
    "synonyms": [
      "plant milk"
    ]
  },
  {
    "value": "fortified cereal",
    "synonyms": [
      "cereal",
      "breakfast cereal"
    ]
  },
  {
    "value": "quinoa",
    "synonyms": [
      "keenwah"
    ]
  },
  {
    "value": "chia seeds",
    "synonyms": [
      "chia"
    ]
  },
  {
    "value": "tempeh",
    "synonyms": [
      "fermented soy"
    ]
  },
  {
    "value": "seaweed",
    "synonyms": [
      "nori",
      "kelp"
    ]
  },
  {
    "value": "chicken breast",
    "synonyms": [
      "chicken breast"
    ]
  },
  {
    "value": "ground beef",
    "synonyms": [
      "ground beef",
      "minced beef"
    ]
  },
  {
    "value": "salmon fillet",
    "synonyms": [
      "salmon fillet"
    ]
  },
  {
    "value": "cod fillet",
    "synonyms": [
      "cod fillet"
    ]
  },
  {
    "value": "ground chicken",
    "synonyms": [
      "ground chicken",
      "minced chicken"
    ]
  },
  {
    "value": "ground mutton",
    "synonyms": [
      "ground mutton",
      "minced mutton"
    ]
  },
  {
    "value": "chicken thighs",
    "synonyms": [
      "chicken thighs"
    ]
  },
  {
    "value": "chicken wings",
    "synonyms": [
      "chicken wings",
      "wings"
    ]
  },
  {
    "value": "Peach",
    "synonyms": [
      "Peach",
      "Peaches",
      "Peachs"
    ]
  },
  {
    "value": "sirloin",
    "synonyms": [
      "sirloin",
      "sirloin steak"
    ]
  },
  {
    "value": "ribeye",
    "synonyms": [
      "ribeye",
      "ribeye steak"
    ]
  },
  {
    "value": "Kidney beans",
    "synonyms": [
      "Kidney beans"
    ]
  },
  {
    "value": "Milk, reduced fat, fluid, 2% milkfat, with added nonfat milk solids, without added vitamin A",
    "synonyms": [
      "Milk, reduced fat, fluid, 2% milkfat, with added nonfat milk solids, without added vitamin A",
      "milk",
      "whole milk"
    ]
  },
  {
    "value": "Beef liver",
    "synonyms": [
      "Beef, variety meats and by-products, liver, raw",
      "beef liver",
      "liver"
    ]
  },
  {
    "value": "Cheese, cheddar, sharp, sliced",
    "synonyms": [
      "cheddar cheese",
      "cheddar",
      "Cheese, cheddar, sharp, sliced"
    ]
  },
  {
    "value": "Tofu, hard, prepared with nigari",
    "synonyms": [
      "Tofu, hard, prepared with nigari",
      "tofu"
    ]
  }
]