[
  {
    "value": "iron",
    "synonyms": [
      "iron",
      "fe",
      "ferrous"
    ]
  },
  {
    "value": "calcium",
    "synonyms": [
      "calcium",
      "ca"
    ]
  },
  {
    "value": "potassium",
    "synonyms": [
      "potassium",
      "k"
    ]
  },
  {
    "value": "sodium",
    "synonyms": [
      "sodium",
      "na",
      "salt"
    ]
  },
  {
    "value": "magnesium",
    "synonyms": [
      "magnesium",
      "mg"
    ]
  },
  {
    "value": "zinc",
    "synonyms": [
      "zinc",
      "zn"
    ]
  },
  {
    "value": "vitamin a",
    "synonyms": [
      "vitamin a",
      "vit a",
      "retinol"
    ]
  },
  {
    "value": "vitamin b1",
    "synonyms": [
      "vitamin b1",
      "thiamin",
      "thiamine"
    ]
  },
  {
    "value": "vitamin b2",
    "synonyms": [
      "vitamin b2",
      "riboflavin"
    ]
  },
  {
    "value": "vitamin b3",
    "synonyms": [
      "vitamin b3",
      "niacin"
    ]
  },
  {
    "value": "vitamin b5",
    "synonyms": [
      "vitamin b5",
      "pantothenic acid"
    ]
  },
  {
    "value": "vitamin b6",
    "synonyms": [
      "vitamin b6",
      "pyridoxine"
    ]
  },
  {
    "value": "vitamin b7",
    "synonyms": [
      "vitamin b7",
      "biotin"
    ]
  },
  {
    "value": "vitamin b9",
    "synonyms": [
      "vitamin b9",
      "folate",
      "folic acid"
    ]
  },
  {
    "value": "vitamin b12",
    "synonyms": [
      "vitamin b12",
      "cobalamin",
      "b12"
    ]
  },
  {
    "value": "vitamin c",
    "synonyms": [
      "vitamin c",
      "ascorbic acid",
      "vit c",
      "vita c",
      "vitimin c"
    ]
  },
  {
    "value": "vitamin d",
    "synonyms": [
      "vitamin d",
      "vit d",
      "d2",
      "d3",
      "vitamin d3"
    ]
  },
  {
    "value": "vitamin e",
    "synonyms": [
      "vitamin e",
      "tocopherol"
    ]
  },
  {
    "value": "vitamin k",
    "synonyms": [
      "vitamin k",
      "vit k",
      "phylloquinone"
    ]
  },
  {
    "value": "omega-3",
    "synonyms": [
      "omega-3",
      "omega 3",
      "epa",
      "dha",
      "omega 3 fatty acids"
    ]
  },
  {
    "value": "omega-6",
    "synonyms": [
      "omega-6",
      "omega 6",
      "omega 6 fatty acids"
    ]
  },
  {
    "value": "fiber",
    "synonyms": [
      "fiber",
      "fibre",
      "dietary fiber",
      "dietary fibre"
    ]
  },
  {
    "value": "soluble fiber",
    "synonyms": [
      "soluble fiber",
      "soluble fibre"
    ]
  },
  {
    "value": "insoluble fiber",
    "synonyms": [
      "insoluble fiber",
      "insoluble fibre"
    ]
  },
  {
    "value": "fat",
    "synonyms": [
      "fat",
      "total fat",
      "lipids",
      "lipid"
    ]
  },
  {
    "value": "saturated fat",
    "synonyms": [
      "saturated fat",
      "saturated"
    ]
  },
  {
    "value": "trans fat",
    "synonyms": [
      "trans fat",
      "trans fats",
      "trans"
    ]
  },
  {
    "value": "monounsaturated fat",
    "synonyms": [
      "monounsaturated fat",
      "mono fat"
    ]
  },
  {
    "value": "polyunsaturated fat",
    "synonyms": [
      "polyunsaturated fat",
      "poly fat"
    ]
  },
  {
    "value": "cholesterol",
    "synonyms": [
      "cholesterol"
    ]
  },
  {
    "value": "carbohydrate",
    "synonyms": [
      "carbohydrate",
      "carbs",
      "carbohydrates"
    ]
  },
  {
    "value": "sugar",
    "synonyms": [
      "sugar",
      "sugars",
      "total sugars"
    ]
  },
  {
    "value": "protein",
    "synonyms": [
      "protein",
      "proteins",
      "protien",
      "portien"
    ]
  },
  {
    "value": "energy",
    "synonyms": [
      "energy",
      "calories",
      "kcal"
    ]
  }
]