[
  {
    "value": "tiredness",
    "synonyms": [
      "tiredness",
      "tired, fatigue, exhausted, sleepy, low energy"
    ]
  },
  {
    "value": "dizziness",
    "synonyms": [
      "dizziness",
      "dizzy, lightheaded, faint, woozy"
    ]
  },
  {
    "value": "weakness",
    "synonyms": [
      "weakness",
      "weak, loss of strength, shaky, feeble"
    ]
  },
  {
    "value": "pale",
    "synonyms": [
      "pale",
      "pale, pale skin, ghostly"
    ]
  },
  {
    "value": "confusion",
    "synonyms": [
      "confusion",
      "confused, brain fog, unclear thinking"
    ]
  },
  {
    "value": "anemia",
    "synonyms": [
      "anemia",
      "low iron, iron deficiency"
    ]
  },
  {
    "value": "fatigue",
    "synonyms": [
      "fatigue",
      "tired, exhausted, no energy"
    ]
  },
  {
    "value": "tired",
    "synonyms": [
      "tired",
      "fatigued, sleepy"
    ]
  },
  {
    "value": "dizzy",
    "synonyms": [
      "dizzy",
      "lightheaded, faint"
    ]
  },
  {
    "value": "scurvy",
    "synonyms": [
      "scurvy",
      "vitamin c deficiency"
    ]
  },
  {
    "value": "rickets",
    "synonyms": [
      "rickets",
      "vitamin d deficiency"
    ]
  },
  {
    "value": "confusion",
    "synonyms": [
      "confusion",
      "brain fog, unclear thinking"
    ]
  },
  {
    "value": "pale",
    "synonyms": [
      "pale",
      "pale skin, ghostly"
    ]
  },
  {
    "value": "weakness",
    "synonyms": [
      "weakness",
      "weak, low strength"
    ]
  },
  {
    "value": "headache",
    "synonyms": [
      "headache",
      "headaches",
      "migraine"
    ]
  },
  {
    "value": "bleeding gums",
    "synonyms": [
      "bleeding gums",
      "gums bleed",
      "sore gums",
      "tender gums"
    ]
  },
  {
    "value": "tiredness",
    "synonyms": [
      "tiredness",
      "fatigue",
      "feeling tired",
      "low energy",
      "exhaustion",
      "lethargy"
    ]
  },
  {
    "value": "bleeding gums",
    "synonyms": [
      "bleeding gums",
      "gum bleeding",
      "gums bleed",
      "sore gums",
      "tender gums",
      "scurvy symptom"
    ]
  },
  {
    "value": "bone pain",
    "synonyms": [
      "bone pain",
      "bone ache",
      "aching bones",
      "joint pain",
      "weak bones"
    ]
  },
  {
    "value": "night blindness",
    "synonyms": [
      "night blindness",
      "trouble seeing in the dark",
      "poor night vision",
      "vision issues in dim light"
    ]
  },
  {
    "value": "mouth ulcers",
    "synonyms": [
      "mouth ulcers",
      "sores in mouth",
      "oral ulcers",
      "canker sores"
    ]
  },
  {
    "value": "numbness or tingling",
    "synonyms": [
      "numbness or tingling",
      "pins and needles",
      "numb hands",
      "tingling feet"
    ]
  },
  {
    "value": "pale skin",
    "synonyms": [
      "pale skin",
      "paleness",
      "yellowish skin",
      "sallow skin"
    ]
  },
  {
    "value": "confusion",
    "synonyms": [
      "confusion",
      "memory problems",
      "forgetfulness",
      "brain fog"
    ]
  },
  {
    "value": "scurvy",
    "synonyms": [
      "scurvy",
      "vitamin c deficiency",
      "lack of vitamin c",
      "scorbutus"
    ]
  },
  {
    "value": "anemia",
    "synonyms": [
      "anemia",
      "iron deficiency anemia",
      "low iron"
    ]
  },
  {
    "value": "osteoporosis",
    "synonyms": [
      "osteoporosis",
      "bone thinning",
      "weak bones",
      "bone loss"
    ]
  },
  {
    "value": "rickets",
    "synonyms": [
      "rickets",
      "vitamin d deficiency in children",
      "bone deformities in children"
    ]
  },
  {
    "value": "beriberi",
    "synonyms": [
      "beriberi",
      "thiamine deficiency",
      "vitamin B1 deficiency"
    ]
  },
  {
    "value": "pellagra",
    "synonyms": [
      "pellagra",
      "niacin deficiency",
      "vitamin B3 deficiency"
    ]
  },
  {
    "value": "vitamin A deficiency",
    "synonyms": [
      "vitamin A deficiency",
      "night blindness",
      "dry eyes",
      "blindness due to vitamin A deficiency"
    ]
  },
  {
    "value": "kwashiorkor",
    "synonyms": [
      "kwashiorkor",
      "protein deficiency",
      "severe protein malnutrition"
    ]
  },
  {
    "value": "headaches",
    "synonyms": [
      "headaches",
      "migraine",
      "head pain",
      "throbbing head",
      "sensitive to light",
      "headache"
    ]
  },
  {
    "value": "hair loss",
    "synonyms": [
      "hair loss",
      "thinning hair",
      "bald patches",
      "losing hair"
    ]
  },
  {
    "value": "dry skin",
    "synonyms": [
      "dry skin",
      "flaky skin",
      "itchy skin",
      "rough skin"
    ]
  },
  {
    "value": "cracked lips",
    "synonyms": [
      "cracked lips",
      "chapped lips",
      "split lips",
      "sore lips"
    ]
  },
  {
    "value": "irritability",
    "synonyms": [
      "irritability",
      "easily annoyed",
      "mood swings",
      "low tolerance"
    ]
  },
  {
    "value": "memory loss",
    "synonyms": [
      "memory loss",
      "forgetfulness",
      "difficulty concentrating",
      "short-term memory issues"
    ]
  },
  {
    "value": "frequent infections",
    "synonyms": [
      "frequent infections",
      "getting sick often",
      "low immunity",
      "recurrent illness"
    ]
  }
]