[
  {
    "value": "50 kg",
    "synonyms": [
      "50kg",
      "50 kilograms",
      "fifty kilograms",
      "fifty kg",
      "50"
    ]
  },
  {
    "value": "60 kg",
    "synonyms": [
      "60kg",
      "60 kilograms",
      "sixty kilograms",
      "sixty kg",
      "60"
    ]
  },
  {
    "value": "70 kg",
    "synonyms": [
      "70kg",
      "70 kilograms",
      "seventy kilograms",
      "seventy kg",
      "70"
    ]
  },
  {
    "value": "80 kg",
    "synonyms": [
      "80kg",
      "80 kilograms",
      "eighty kilograms",
      "eighty kg",
      "80"
    ]
  },
  {
    "value": "85 kg",
    "synonyms": [
      "85kg",
      "85 kilograms",
      "eighty five kilograms",
      "eighty five kg",
      "85"
    ]
  },
  {
    "value": "90 kg",
    "synonyms": [
      "90kg",
      "90 kilograms",
      "ninety kilograms",
      "ninety kg",
      "90"
    ]
  },
  {
    "value": "95 kg",
    "synonyms": [
      "95kg",
      "95 kilograms",
      "ninety five kilograms",
      "ninety five kg",
      "95"
    ]
  },
  {
    "value": "100 kg",
    "synonyms": [
      "100kg",
      "100 kilograms",
      "one hundred kilograms",
      "one hundred kg",
      "100"
    ]
  },
  {
    "value": "110 kg",
    "synonyms": [
      "110kg",
      "110 kilograms",
      "one ten kilograms",
      "one ten kg",
      "110"
    ]
  },
  {
    "value": "120 kg",
    "synonyms": [
      "120kg",
      "120 kilograms",
      "one twenty kilograms",
      "one twenty kg",
      "120"
    ]
  },
  {
    "value": "55kg",
    "synonyms": [
      "55kh",
      "55"
    ]
  }
]